date,returns
2010-02-26,0.004976465032563215
2010-03-01,0.0
2010-03-02,0.014607358452348507
2010-03-03,0.005523416899890332
2010-03-04,-0.007203986126309125
2010-03-05,-0.00018144629394312162
2010-03-08,-0.008436984289274752
2010-03-09,-0.001463838090154157
2010-03-10,-0.011453284407869968
2010-03-11,0.0012049166657712718
2010-03-12,-0.006017474204345286
2010-03-15,0.0038186411418108523
2010-03-16,0.018927629117289735
2010-03-17,-0.0073758201243792065
2010-03-18,0.006880166204569216
2010-03-19,-0.018768371265149075
2010-03-22,-0.004921111563848446
2010-03-23,0.0053186994799152565
2010-03-24,-0.01874898303417094
2010-03-25,0.0045402976002109074
2010-03-26,0.01704345248642869
2010-03-29,0.0014872870286075646
2010-03-30,-0.00717230358512333
2010-03-31,0.009076429510732176
2010-04-01,0.012023746480695818
2010-04-05,0.005713664665045304
2010-04-06,0.0012624898154505182
2010-04-07,0.013149413361060569
2010-04-08,0.0014223622581801543
2010-04-09,0.008788146123735352
2010-04-12,-0.0055437252429386685
2010-04-13,-0.0028315674636886223
2010-04-14,0.0030170538862110963
2010-04-15,0.005485220922665679
2010-04-16,-0.021205207253171432
2010-04-19,-0.0008090176682863381
2010-04-20,0.0027889641797080866
2010-04-21,0.007625937877801858
2010-04-22,-0.004184800554198453
2010-04-23,0.012070708437302402
2010-04-26,-0.0038872391362080316
2010-04-27,0.01667381134232393
2010-04-28,-0.0027915193231249358
2010-04-29,-0.00026243353931809654
2010-04-30,0.009450487998561963
2010-05-03,0.003207374475300284
2010-05-04,-0.007431094159921048
2010-05-05,0.0019151525291976057
2010-05-06,0.02954210967401072
2010-05-07,-0.0018567069804058534
2010-05-10,-0.005918634663852784
2010-05-11,0.026282246909822504
2010-05-12,0.006132917231997492
2010-05-13,-0.006919307269049324
2010-05-14,-0.0015759356627402799
2010-05-17,-0.008390812057652464
2010-05-18,0.0010891190031152576
2010-05-19,-0.023935061291924797
2010-05-20,-0.006773564957643252
2010-05-21,-0.005352167600254254
2010-05-24,0.014060015533405634
2010-05-25,0.00445056704772262
2010-05-26,0.009458082229072629
2010-05-27,0.0018570206709822568
2010-05-28,0.0016007650861138423
2010-06-01,0.008664253300061153
2010-06-02,-0.0010841871305138362
2010-06-03,-0.01519452089715656
2010-06-04,0.01042729201650383
2010-06-07,0.019296882077834088
2010-06-08,-0.004033236252390715
2010-06-09,-0.003636383812660071
2010-06-10,-0.013188423770895463
2010-06-11,0.008741707192380543
2010-06-14,-0.003416412421808568
2010-06-15,0.011622068621610193
2010-06-16,-0.005454963585885819
2010-06-17,0.013047450101111302
2010-06-18,0.007629206672505884
2010-06-21,-0.019864873439927044
2010-06-22,0.008804697763830971
2010-06-23,-0.0041169206461888486
2010-06-24,0.002893808286793087
2010-06-25,0.012036265849090677
2010-06-28,-0.013603826729261193
2010-06-29,0.0014865002115742598
2010-06-30,0.0033809159186848348
2010-07-01,-0.038132802251901965
2010-07-02,0.012388900691215676
2010-07-06,-0.01671023515263781
2010-07-07,0.010471214473729784
2010-07-08,-0.004416922259692924
2010-07-09,0.009811462629994328
2010-07-12,-0.008617812328498564
2010-07-13,0.00869272459770487
2010-07-14,-0.000506907386653932
2010-07-15,-0.0005917133813901909
2010-07-16,-0.013194664160490088
2010-07-19,-0.00805686831888519
2010-07-20,0.007949521664731174
2010-07-21,-0.006858148660892849
2010-07-22,0.008718188601928523
2010-07-23,-0.006589117477659556
2010-07-26,-0.004909981159489485
2010-07-27,-0.017399537441526225
2010-07-28,0.0023786154346325805
2010-07-29,0.004482353152593488
2010-07-30,0.010499579478777887
2010-08-02,0.0004329643491447488
2010-08-03,0.003894728619322052
2010-08-04,0.006293675061456394
2010-08-05,0.0022275713974577727
2010-08-06,0.007351623835511356
2010-08-09,-0.0037338325329721034
2010-08-10,0.0028109184562654654
2010-08-11,-0.0033127240968519045
2010-08-12,0.012186810548876714
2010-08-13,-0.00025257876690043535
2010-08-16,0.008337590626369185
2010-08-17,0.00016701447010558645
2010-08-18,0.003924853617562674
2010-08-19,0.001414058952080799
2010-08-20,-0.00348864665731885
2010-08-23,-0.0015837495996745554
2010-08-24,0.004842226055815635
2010-08-25,0.008308408066874051
2010-08-26,-0.0032959914623202913
2010-08-27,0.00041338502096799346
2010-08-30,-0.0008263653611750854
2010-08-31,0.009676603535758277
2010-09-01,-0.0031946214269242823
2010-09-02,0.004930548624238806
2010-09-03,-0.0035162343769448157
2010-09-07,0.00689312599444758
2010-09-08,8.151700472081025e-05
2010-09-09,-0.009371701853630121
2010-09-10,0.0013985340716866634
2010-09-13,-0.0009036441905700965
2010-09-14,0.019733545817172793
2010-09-15,-0.0006450105130254569
2010-09-16,0.0055671679717606
2010-09-17,-0.0007221081591427536
2010-09-20,0.0026497657670527808
2010-09-21,0.009129489585757433
2010-09-22,0.0015077756431296496
2010-09-23,0.0007924414099362842
2010-09-24,0.0030878810785825994
2010-09-27,0.00023678884457156713
2010-09-28,0.008917276219480907
2010-09-29,0.0007821546759059217
2010-09-30,-0.0003125696528855082
2010-10-01,0.00781799680532913
2010-10-04,-0.003490783767423511
2010-10-05,0.01969483611294076
2010-10-06,0.0062599590124643445
2010-10-07,-0.01092483474757755
2010-10-08,0.009894980388411634
2010-10-11,0.004784973465747688
2010-10-12,-0.0024944182403267012
2010-10-13,0.01598969765837266
2010-10-14,0.00507192241838883
2010-10-15,-0.007940685151901716
2010-10-18,0.004488376244684789
2010-10-19,-0.03105449960421236
2010-10-20,0.00929987478434402
2010-10-21,-0.014087770334554661
2010-10-22,0.002008144777821741
2010-10-25,0.008633395612906769
2010-10-26,0.00022926081694740752
2010-10-27,-0.010391202319783632
2010-10-28,0.013279811333891667
2010-10-29,0.010515007362563056
2010-11-01,-0.0052782157594233325
2010-11-02,0.004320856065270329
2010-11-03,-0.00694390618764662
2010-11-04,0.03389823825188132
2010-11-05,0.00257300673863492
2010-11-08,0.010265389693213223
2010-11-09,-0.015894922781312437
2010-11-10,0.012169106865093537
2010-11-11,0.003060318800163886
2010-11-12,-0.0288391770673464
2010-11-15,-0.009499620384983976
2010-11-16,-0.010949984657092626
2010-11-17,-0.004504820435149881
2010-11-18,0.013115442483800255
2010-11-19,0.0008327701824608624
2010-11-22,0.009682290535891758
2010-11-23,0.006967395597379689
2010-11-24,-0.0017112638945114833
2010-11-26,-0.00797430409774369
2010-11-29,0.0030049875640469903
2010-11-30,0.014306072509137735
2010-12-01,-0.00029532777044438685
2010-12-02,-0.0013296493431664835
2010-12-03,0.021227887875435947
2010-12-06,0.007532362069704757
2010-12-07,-0.018762134993171364
2010-12-08,-0.012527521713312728
2010-12-09,0.004303003634872571
2010-12-10,0.0002955495779344286
2010-12-13,0.004726381894541776
2010-12-14,0.0009554547674210934
2010-12-15,-0.01086793807562203
2010-12-16,-0.006607271045376617
2010-12-17,0.002914575867006164
2010-12-20,0.006780951436685445
2010-12-21,0.0015543387826104649
2010-12-22,-0.0019953019350199552
2010-12-23,-0.0028878147414700406
2010-12-27,0.0026734041330853664
2010-12-28,0.01629385926993998
2010-12-29,0.0035709480309356056
2010-12-30,-0.004937970382814849
2010-12-31,0.012333083678474077
2011-01-03,-0.005190320172774543
2011-01-04,-0.023550724637681153
2011-01-05,-0.0028200733418367596
2011-01-06,-0.004018704366714254
2011-01-07,-0.0018680415196854483
2011-01-10,0.004042471019095828
2011-01-11,0.0058903114649804245
2011-01-12,0.004076814445393762
2011-01-13,-0.010409003338437306
2011-01-14,-0.010145472431108082
2011-01-18,0.00557683488401306
2011-01-19,0.0021734884271975563
2011-01-20,-0.01884538026814475
2011-01-21,-0.001295717781246375
2011-01-24,-0.005113318897864261
2011-01-25,-0.0019944346856292094
2011-01-26,0.008147559637701862
2011-01-27,-0.024626435397597568
2011-01-28,0.01836940880571558
2011-01-31,-0.003147095992869553
2011-02-01,0.007161068526499337
2011-02-02,-0.002675887579124403
2011-02-03,0.013415101885317249
2011-02-04,-0.004084669429638699
2011-02-07,0.00015182297672700074
2011-02-08,0.011087536414601473
2011-02-09,-0.0005257027621342614
2011-02-10,-0.0016532742811615764
2011-02-11,-0.003989452427152318
2011-02-14,0.004761106326723441
2011-02-15,0.007672089476301602
2011-02-16,0.0009704029381796264
2011-02-17,0.007009598358195257
2011-02-18,0.002740005882498453
2011-02-22,0.006498704676349387
2011-02-23,0.008951509874549624
2011-02-24,-0.0074903557591639025
2011-02-25,0.006594440089741527
2011-02-28,0.0020381334207675295
2011-03-01,0.01721629416053716
2011-03-02,-0.0007855503200063785
2011-03-03,-0.013078915487442111
2011-03-04,0.009124554993410916
2011-03-07,0.0026551496302960054
2011-03-08,-0.0025765860807781538
2011-03-09,0.0003588049048421915
2011-03-10,-0.011763857302689251
2011-03-11,0.0032662911685206186
2011-03-14,0.0046302950658096975
2011-03-15,-0.01865185313629869
2011-03-16,-0.0002201422055942981
2011-03-17,0.005358159851040822
2011-03-18,0.010221171672682772
2011-03-21,0.005564821129095288
2011-03-22,-0.0006468042136367202
2011-03-23,0.009277189916009121
2011-03-24,-0.007980583913447803
2011-03-25,0.0002872668135480705
2011-03-28,-0.005170194234552894
2011-03-29,-0.0023818867349306716
2011-03-30,0.0033282065894870705
2011-03-31,0.008581542201770542
2011-04-01,-0.004719030882519015
2011-04-04,0.004597696865513701
2011-04-05,0.015803824168639347
2011-04-06,0.002323138500281763
2011-04-07,0.0009129766790669791
2011-04-08,0.008069673704311997
2011-04-11,-0.007100127011412494
2011-04-12,-0.007220967356311059
2011-04-13,0.0020478305549249676
2011-04-14,0.01346020961426353
2011-04-15,0.008622526348759818
2011-04-18,0.006066801830465485
2011-04-19,0.0
2011-04-20,0.0039060327062796496
2011-04-21,0.0016382627519730963
2011-04-25,0.0008858499329245095
2011-04-26,-0.0033362174076742024
2011-04-27,0.019264872054671978
2011-04-28,0.004155565607629752
2011-04-29,0.01702034219935933
2011-05-02,-0.012863368890775884
2011-05-03,-0.003523693679893025
2011-05-04,-0.01434486979737215
2011-05-05,-0.028836354362946737
2011-05-06,0.012755292503549454
2011-05-09,0.014315222211755962
2011-05-10,0.0035282195443357978
2011-05-11,-0.009195406805110773
2011-05-12,0.0003412246079486092
2011-05-13,-0.006548819694799146
2011-05-16,-0.0017854134237943464
2011-05-17,-0.004333697772470724
2011-05-18,0.0059416925363606765
2011-05-19,0.00034332273951442893
2011-05-20,0.012633104523075867
2011-05-23,0.002305216117890696
2011-05-24,0.0051410031618917
2011-05-25,-6.726231295661744e-05
2011-05-26,-0.0024229412162810604
2011-05-27,0.009985128291392531
2011-05-31,-0.0004007853027178099
2011-06-01,0.001804358951899676
2011-06-02,-0.00273499867983118
2011-06-03,0.004816061676943706
2011-06-06,0.0017307582527175125
2011-06-07,-0.0003987078701304103
2011-06-08,-0.0040553159006585515
2011-06-09,0.005006341447316709
2011-06-10,-0.008767216304689351
2011-06-13,-0.00984991400828139
2011-06-14,0.006090504638714966
2011-06-15,0.0030268174734946474
2011-06-16,-0.0010058603902614038
2011-06-17,0.006511386270756647
2011-06-20,0.000600215662433623
2011-06-21,0.004865665090172611
2011-06-22,0.0015256765369389136
2011-06-23,-0.01755089117731956
2011-06-24,-0.01402185440477477
2011-06-27,-0.003623675640655799
2011-06-28,0.0034996897040917574
2011-06-29,0.006427702046695849
2011-06-30,-0.008017344302908236
2011-07-01,-0.007328817289169676
2011-07-05,0.018629768463946483
2011-07-06,0.008670315904364623
2011-07-07,0.001611646151856716
2011-07-08,0.007375166936172128
2011-07-11,0.00891844484452986
2011-07-12,0.007784207157971679
2011-07-13,0.008967697053566814
2011-07-14,0.0025950038800324204
2011-07-15,0.004270762849635901
2011-07-18,0.008827386616724109
2011-07-19,-0.012199039233320219
2011-07-20,0.008793486215885604
2011-07-21,-0.00762724271772286
2011-07-22,0.00833167519781064
2011-07-25,0.007814509728797825
2011-07-26,0.0027329855381899026
2011-07-27,-0.0036762490673006853
2011-07-28,0.0008270556701652776
2011-07-29,0.0061656872410071895
2011-08-01,-0.003600935558821683
2011-08-02,0.024093349114550966
2011-08-03,-0.0001857279501200626
2011-08-04,-0.00526352142301223
2011-08-05,0.006909864383522368
2011-08-08,0.033199351574574765
2011-08-09,0.008915782292354013
2011-08-10,0.035407159712308456
2011-08-11,-0.021938376623234945
2011-08-12,-0.004568074842148495
2011-08-15,0.010766616567110976
2011-08-16,0.012339901510646678
2011-08-17,0.002874885034867214
2011-08-18,0.01891986633643561
2012-04-04,0.0
2012-04-05,0.0
2012-04-09,0.0
2012-04-10,0.0
2012-04-11,0.0
2012-04-12,0.0
2012-04-13,0.0
2012-04-16,0.0
2012-04-17,0.0
2012-04-18,0.0
2012-04-19,0.0
2012-04-20,0.0
2012-04-23,0.0
2012-04-24,0.0
2012-04-25,0.0
2012-04-26,0.0
2012-04-27,0.0
2012-04-30,0.0
2012-05-01,0.0
2012-05-02,0.0
2012-05-03,0.0
2012-05-04,0.004082492869729393
2012-05-07,-0.002443314402287289
2012-05-08,-0.019343222112164438
2012-05-09,-0.009798326208308228
2012-05-10,0.0019402729369080163
2012-05-11,-0.007810576676642533
2012-05-14,-0.014507906833744144
2012-05-15,-0.01049648058632835
2012-05-16,-0.0018680408865029419
2012-05-17,0.02232483556647402
2012-05-18,0.011441722632494322
2012-05-21,0.0006463574211796885
2012-05-22,-0.01660212448460474
2012-05-23,-0.003021807453098546
2012-05-24,-0.0013836255775493411
2012-05-25,0.008379502597203992
2012-05-29,-0.010861737950054295
2012-05-30,0.0058874465031102385
2012-05-31,-0.0019072106851824033
2012-06-01,0.0387431248045198
2012-06-04,-0.0011417305707605019
2012-06-05,-0.0025465910888162746
2012-06-06,0.0
2012-06-07,0.0
2012-06-08,0.0
2012-06-11,0.0
2012-06-12,0.0
2012-06-13,0.0
2012-06-14,0.0
2012-06-15,0.0
2012-06-18,0.0
2012-06-19,0.0
2012-06-20,0.0
2012-06-21,0.0
2012-06-22,0.0
2012-06-25,0.0
2012-06-26,0.0
2012-06-27,0.0
2012-06-28,0.0
2012-06-29,0.0
2012-07-02,0.0
2012-07-03,0.0
2012-07-05,0.0
2012-07-06,0.0
2012-07-09,0.0
2012-07-10,0.0
2012-07-11,0.0
2012-07-12,0.0
2012-07-13,0.0
2012-07-16,0.0
2012-07-17,0.0
2012-07-18,0.0
2012-07-19,0.0
2012-07-20,0.0
2012-07-23,0.0
2012-07-24,0.0
2012-07-25,0.0
2012-07-26,0.0
2012-07-27,0.0
2012-07-30,0.0
2012-07-31,0.0
2012-08-01,0.0
2012-08-02,0.0
2012-08-03,0.0
2012-08-06,0.0
2012-08-07,0.0
2012-08-08,0.0
2012-08-09,0.0
2012-08-10,0.0
2012-08-13,0.0
2012-08-14,0.0
2012-08-15,0.0
2012-08-16,0.0
2012-08-17,0.0
2012-08-20,0.0
2012-08-21,0.0
2012-08-22,0.0
2012-08-23,0.0
2012-08-24,0.0
2012-08-27,0.0
2012-08-28,0.0
2012-08-29,0.0
2012-08-30,0.0
2012-08-31,0.0
2012-09-04,0.0
2012-09-05,0.0
2012-09-06,0.0
2012-09-07,0.0
2012-09-10,0.0
2012-09-11,0.0
2012-09-12,0.0
2012-09-13,0.0
2012-09-14,0.0
2012-09-17,0.0
2012-09-18,0.0
2012-09-19,0.0
2012-09-20,0.0
2012-09-21,0.0
2012-09-24,0.0
2012-09-25,0.0
2012-09-26,0.0
2012-09-27,0.0
2012-09-28,0.0
2012-10-01,0.0
2012-10-02,0.0
2012-10-03,0.0
2012-10-04,0.0
2012-10-05,0.0
2012-10-08,0.0
2012-10-09,0.0
2012-10-10,0.0
2012-10-11,0.0
2012-10-12,0.0
2012-10-15,0.0
2012-10-16,0.0
2012-10-17,0.0
2012-10-18,0.0
2012-10-19,0.0
2012-10-22,0.0
2012-10-23,0.0
2012-10-24,0.0
2012-10-25,0.0
2012-10-26,0.0
2012-10-31,0.0
2012-11-01,0.0
2012-11-02,0.0
2012-11-05,0.0
2012-11-06,0.0
2012-11-07,0.0
2012-11-08,0.0
2012-11-09,0.0
2012-11-12,0.0
2012-11-13,0.0
2012-11-14,0.0
2012-11-15,0.0
2012-11-16,0.0
2012-11-19,0.0
2012-11-20,0.0
2012-11-21,0.0
2012-11-23,0.0
2012-11-26,0.0
2012-11-27,0.0
2012-11-28,0.0
2012-11-29,0.0
2012-11-30,0.0
2012-12-03,0.0
2012-12-04,0.0
2012-12-05,-0.0006143176294883812
2012-12-06,0.002312604757587433
2012-12-07,0.004007332614883952
2012-12-10,0.003870363193331894
2012-12-11,-0.0009036750539066496
2012-12-12,0.0007236123377376558
2012-12-13,-0.008435365309041876
2012-12-14,-0.0014582955838945422
2012-12-17,0.0018864446028368231
2012-12-18,-0.014334395976048131
2012-12-19,-0.0024032647020385545
2012-12-20,-0.012107102528626235
2012-12-21,0.0037517031369789233
2012-12-24,0.0018064853598913633
2012-12-26,0.00099493013887475
2012-12-27,0.0023605867404941083
2012-12-28,-0.003842428210582116
2012-12-31,0.009207541892418902
2013-01-02,0.007089144229903033
2013-01-03,-0.012058599119679991
2013-01-04,-0.004708793335622463
2013-01-07,-0.006286917854454566
2013-01-08,0.007087721639110978
2013-01-09,-0.0004359210502006272
2013-01-10,0.009283929054868079
2013-01-11,-0.005679655522296101
2013-01-14,0.002980204590372182
2013-01-15,0.0063142000432090395
2013-01-16,0.0005536146607612036
2013-01-17,0.004303759487737091
2013-01-18,-0.0015917210182826436
2013-01-22,0.0035563007575565297
2013-01-23,-0.002810458261294113
2013-01-24,-0.01096742731253919
2013-01-25,-0.004770151810019385
2013-01-28,-0.0022408815982264407
2013-01-29,0.0043671245806709
2013-01-30,0.007453798025842007
2013-01-31,-0.006103935627585599
2013-02-01,0.0015508556562164877
2013-02-04,0.00340661820191257
2013-02-05,-0.0002468700997158013
2013-02-06,0.0026549224915213276
2013-02-07,-0.003386926895774134
2013-02-08,-0.0016682465529872514
2013-02-11,-0.011573994600109327
2013-02-12,0.0011897460658487624
2013-02-13,-0.005253589020646654
2013-02-14,-0.004401112486777992
2013-02-15,-0.01635624578422179
2013-02-19,-0.002760610521581941
2013-02-20,-0.02504345187107815
2013-02-21,0.007791816348087233
2013-02-22,0.002293317507206627
2013-02-25,0.008955972536404788
2013-02-26,0.012180931350333601
2013-02-27,-0.01056198885223869
2013-02-28,-0.010157257321336544
2013-03-01,-0.0036601147958106317
2013-03-04,-0.0009183901121906368
2013-03-05,0.000525291071522993
2013-03-06,0.005578099654559132
2013-03-07,-0.0035240703919763305
2013-03-08,0.0001310122611168918
2013-03-11,0.0018335326239611316
2013-03-12,0.007843629683209397
2013-03-13,-0.003437309624095941
2013-03-14,0.0001300859898267781
2013-03-15,0.0020822965870039845
2013-03-18,0.00896107066819507
2013-03-19,0.004505064527544178
2013-03-20,-0.004548992219266856
2013-03-21,0.005663930684977725
2013-03-22,-0.004479980469036415
2013-03-25,-0.0019929125845823403
2013-03-26,-0.0033496795548445535
2013-03-27,0.0041365006763205425
2013-03-28,-0.005857387091869448
2013-04-01,0.0014244171256998506
2013-04-02,-0.014482482186765178
2013-04-03,-0.011152640753381848
2013-04-04,-0.002919143195829199
2013-04-05,0.016767611851779884
2013-04-08,-0.004253608447821855
2013-04-09,0.0010449767237972196
2013-04-10,0.0
2013-04-11,0.0
2013-04-12,0.0
2013-04-15,0.0
2013-04-16,0.0
2013-04-17,0.0
2013-04-18,0.0
2013-04-19,0.0
2013-04-22,0.0
2013-04-23,0.0
2013-04-24,0.0
2013-04-25,0.0
2013-04-26,0.0
2013-04-29,0.0
2013-04-30,0.0
2013-05-01,0.0
2013-05-02,0.0
2013-05-03,0.0
2013-05-06,0.0
2013-05-07,0.0
2013-05-08,0.0
2013-05-09,0.0
2013-05-10,0.0
2013-05-13,0.0
2013-05-14,0.0
2013-05-15,0.0
2013-05-16,0.0
2013-05-17,0.0
2013-05-20,0.0
2013-05-21,0.0
2013-05-22,0.0
2013-05-23,0.0
2013-05-24,0.0
2013-05-28,0.0
2013-05-29,0.0
2013-05-30,0.0
2013-05-31,0.0
2013-06-03,0.0
2013-06-04,0.0
2013-06-05,0.0
2013-06-06,0.0
2013-06-07,0.0
2013-06-10,0.0
2013-06-11,0.0
2013-06-12,0.0
2013-06-13,0.0
2013-06-14,0.0
2013-06-17,0.0
2013-06-18,0.0
2013-06-19,0.0
2013-06-20,0.0
2013-06-21,0.0
2013-06-24,0.0
2013-06-25,0.0
2013-06-26,0.0
2013-06-27,0.0
2013-06-28,0.0
2013-07-01,0.0
2013-07-02,0.0
2013-07-03,0.0
2013-07-05,0.0
2013-07-08,0.0
2013-07-09,0.0
2013-07-10,0.0
2013-07-11,0.0
2013-07-12,0.0
2013-07-15,0.0
2013-07-16,0.0
2013-07-17,0.0
2013-07-18,0.0
2013-07-19,0.0
2013-07-22,0.0
2013-07-23,0.0
2013-07-24,0.0
2013-07-25,0.0
2013-07-26,0.0
2013-07-29,0.0
2013-07-30,0.0
2013-07-31,0.0
2013-08-01,0.0
2013-08-02,0.0
2013-08-05,0.0
2013-08-06,0.0
2013-08-07,0.0
2013-08-08,0.0
2013-08-09,0.0
2013-08-12,0.0
2013-08-13,0.0
2013-08-14,0.0
2013-08-15,0.0
2013-08-16,0.0
2013-08-19,0.0
2013-08-20,0.0
2013-08-21,0.0
2013-08-22,0.0
2013-08-23,0.0
2013-08-26,0.0
2013-08-27,0.0
2013-08-28,0.0
2013-08-29,0.0
2013-08-30,0.0
2013-09-03,0.0
2013-09-04,0.0
2013-09-05,0.0
2013-09-06,0.0
2013-09-09,0.0
2013-09-10,0.0
2013-09-11,0.0
2013-09-12,0.0
2013-09-13,0.0
2013-09-16,0.0
2013-09-17,0.0
2013-09-18,0.0
2013-09-19,0.0
2013-09-20,0.0
2013-09-23,0.0
2013-09-24,0.0
2013-09-25,0.0
2013-09-26,0.0
2013-09-27,0.0
2013-09-30,0.0
2013-10-01,0.0
2013-10-02,0.0
2013-10-03,0.0
2013-10-04,0.0
2013-10-07,0.0
2013-10-08,0.0
2013-10-09,0.0
2013-10-10,0.0
2013-10-11,0.0
2013-10-14,0.0
2013-10-15,0.0
2013-10-16,0.0
2013-10-17,0.0
2013-10-18,0.0
2013-10-21,0.0
2013-10-22,0.0
2013-10-23,0.0
2013-10-24,0.0
2013-10-25,0.0
2013-10-28,0.0
2013-10-29,0.0
2013-10-30,0.0
2013-10-31,0.0
2013-11-01,0.0
2013-11-04,0.0
2013-11-05,0.0
2013-11-06,0.0
2013-11-07,0.0
2013-11-08,0.0
2013-11-11,0.0
2013-11-12,0.0
2013-11-13,0.0
2013-11-14,0.0
2013-11-15,0.0
2013-11-18,0.0
2013-11-19,0.0
2013-11-20,0.0
2013-11-21,0.0
2013-11-22,0.0
2013-11-25,0.0
2013-11-26,0.0
2013-11-27,0.0
2013-11-29,0.0
2013-12-02,0.0
2013-12-03,0.0
2013-12-04,0.0
2013-12-05,0.0
2013-12-06,0.0
2013-12-09,0.0
2013-12-10,0.0
2013-12-11,0.0
2013-12-12,0.0
2013-12-13,0.0
2013-12-16,0.0
2013-12-17,0.0
2013-12-18,0.0
2013-12-19,0.0
2013-12-20,0.0
2013-12-23,0.0
2013-12-24,0.0
2013-12-26,0.0
2013-12-27,0.0
2013-12-30,0.0
2013-12-31,0.0
2014-01-02,0.0
2014-01-03,0.0
2014-01-06,0.0
2014-01-07,0.0
2014-01-08,0.0
2014-01-09,0.0
2014-01-10,0.0
2014-01-13,0.0
2014-01-14,0.0
2014-01-15,0.0
2014-01-16,0.0
2014-01-17,0.0
2014-01-21,0.0
2014-01-22,0.0
2014-01-23,0.0
2014-01-24,0.0
2014-01-27,0.0
2014-01-28,0.0
2014-01-29,0.0
2014-01-30,0.0
2014-01-31,0.0
2014-02-03,0.0
2014-02-04,0.0
2014-02-05,0.0
2014-02-06,-0.00116249805082147
2014-02-07,0.007676499958417793
2014-02-10,0.0061435626827774925
2014-02-11,0.01172363546018973
2014-02-12,0.0005632916690210266
2014-02-13,0.008525060719262845
2014-02-14,0.01323777416016192
2014-02-18,0.0019675897794895203
2014-02-19,-0.008876079748984855
2014-02-20,0.010540595723836255
2014-02-21,-0.0001568253435553224
2014-02-24,0.011059805954678703
2014-02-25,0.0017067720081394011
2014-02-26,-0.008519319504638023
2014-02-27,0.0007029920159282721
2014-02-28,-0.004527349357944188
2014-03-03,0.020936339227753953
2014-03-04,-0.012365691350076813
2014-03-05,0.0016331623999565892
2014-03-06,0.00993795564382216
2014-03-07,-0.008302660812675833
2014-03-10,-0.0016356053541355386
2014-03-11,0.0
2014-03-12,0.0
2014-03-13,0.0
2014-03-14,0.0
2014-03-17,0.0
2014-03-18,0.0
2014-03-19,0.0
2014-03-20,0.0
2014-03-21,0.0
2014-03-24,0.0
2014-03-25,0.0
2014-03-26,0.0
2014-03-27,0.0
2014-03-28,0.0
2014-03-31,0.0
2014-04-01,0.0
2014-04-02,0.0
2014-04-03,0.0
2014-04-04,0.0
2014-04-07,0.0
2014-04-08,0.0
2014-04-09,0.0
2014-04-10,0.0
2014-04-11,0.0
2014-04-14,0.0
2014-04-15,0.0
2014-04-16,0.0
2014-04-17,0.0
2014-04-21,0.0
2014-04-22,0.0
2014-04-23,0.0
2014-04-24,0.0
2014-04-25,0.0
2014-04-28,0.0
2014-04-29,0.0
2014-04-30,0.0
2014-05-01,0.0
2014-05-02,0.0
2014-05-05,0.0
2014-05-06,0.0
2014-05-07,0.0
2014-05-08,0.0
2014-05-09,0.0
2014-05-12,0.0
2014-05-13,0.0
2014-05-14,0.0
2014-05-15,0.0
2014-05-16,0.0
2014-05-19,0.0
2014-05-20,0.0
2014-05-21,0.0
2014-05-22,0.0
2014-05-23,0.0
2014-05-27,0.0
2014-05-28,0.0
2014-05-29,0.0
2014-05-30,0.0
2014-06-02,0.0
2014-06-03,0.0
2014-06-04,0.0
2014-06-05,0.0
2014-06-06,0.0
2014-06-09,0.0
2014-06-10,0.0
2014-06-11,0.0
2014-06-12,0.0
2014-06-13,0.0
2014-06-16,0.0
2014-06-17,0.0
2014-06-18,0.0
2014-06-19,0.0
2014-06-20,0.0
2014-06-23,0.0
2014-06-24,0.0
2014-06-25,0.0
2014-06-26,0.0
2014-06-27,0.0
2014-06-30,0.0
2014-07-01,0.0
2014-07-02,0.0
2014-07-03,0.0
2014-07-07,0.0
2014-07-08,0.0
2014-07-09,0.002352997742042673
2014-07-10,0.005495819038205951
2014-07-11,0.0018740328107014204
2014-07-14,-0.023848659227474478
2014-07-15,-0.009501093353290191
2014-07-16,0.003546719303438195
2014-07-17,0.01702821000319288
2014-07-18,-0.007581793581477703
2014-07-21,0.0016711822559682954
2014-07-22,-0.004766848845996319
2014-07-23,-0.0009578995633644505
2014-07-24,-0.010147937714056199
2014-07-25,0.011624266206001543
2014-07-28,-0.0016757162519972502
2014-07-29,-0.0030373904432026144
2014-07-30,-0.0029663921771304613
2014-07-31,-0.011579398630889193
2014-08-01,0.008054067137846621
2014-08-04,-0.0031474663029749106
2014-08-05,-0.0009714709514216935
2014-08-06,0.01458679081763714
2014-08-07,0.004052247863183922
2014-08-08,7.926926728551997e-05
2014-08-11,-0.001822685876187835
2014-08-12,0.00023816258814446378
2014-08-13,0.001666801717543187
2014-08-14,0.0008716424097314768
2014-08-15,-0.006571128069766674
2014-08-18,-0.0041441456181418035
2014-08-19,-0.002240720836106491
2014-08-20,-0.003689460002800682
2014-08-21,-0.010787410328995217
2014-08-22,0.002522844259260859
2014-08-25,-0.003652953412746296
2014-08-26,0.0049698906548354405
2014-08-27,-0.00024320197459493098
2014-08-28,0.005514145932580705
2014-08-29,-0.001129034220749725
2014-09-02,-0.017842827107375725
2014-09-03,0.004110177572202112
2014-09-04,-0.0054850782492293915
2014-09-05,0.004774430324667289
2014-09-08,-0.010896257643960183
2014-09-09,0.001159607299023202
2014-09-10,-0.0050467494955600545
2014-09-11,-0.006569107941697849
2014-09-12,-0.009123662704730862
2014-09-15,0.0021963350972076245
2014-09-16,0.0016015041061683277
2014-09-17,-0.010855852293170987
2014-09-18,0.002041839952223512
2014-09-19,-0.005858400968027255
2014-09-22,-0.0020496872267766753
2014-09-23,0.006418485484975367
2014-09-24,-0.004676832002001641
2014-09-25,0.002904710274937994
2014-09-26,-0.002811158030045613
2014-09-29,-0.0002562684152241923
2014-09-30,-0.007006748049695033
2014-10-01,0.0048188415572198995
2014-10-02,-0.0002569048636190674
2014-10-03,-0.018245651419929176
2014-10-06,0.012389828097913558
2014-10-07,0.0024045401137382516
2014-10-08,0.0
2014-10-09,0.0
2014-10-10,0.0
2014-10-13,0.0
2014-10-14,0.0
2014-10-15,0.0
2014-10-16,0.0
2014-10-17,0.0
2014-10-20,0.0
2014-10-21,0.0
2014-10-22,0.0
2014-10-23,0.0
2014-10-24,0.0
2014-10-27,0.0
2014-10-28,0.0
2014-10-29,0.0
2014-10-30,0.0
2014-10-31,0.0
2014-11-03,0.0
2014-11-04,0.0
2014-11-05,0.0
2014-11-06,0.0
2014-11-07,0.0
2014-11-10,0.0
2014-11-11,0.0
2014-11-12,0.0
2014-11-13,0.0
2014-11-14,0.0
2014-11-17,0.0
2014-11-18,0.0
2014-11-19,0.0
2014-11-20,0.0
2014-11-21,0.0
2014-11-24,0.0
2014-11-25,0.0
2014-11-26,0.0
2014-11-28,0.0
2014-12-01,0.0
2014-12-02,0.0
2014-12-03,0.0
2014-12-04,0.0
2014-12-05,0.0
2014-12-08,0.0
2014-12-09,0.0
2014-12-10,0.0
2014-12-11,0.0
2014-12-12,0.0
2014-12-15,0.0
2014-12-16,0.0
2014-12-17,0.0
2014-12-18,0.0
2014-12-19,0.0
2014-12-22,0.0
2014-12-23,0.0
2014-12-24,0.0
2014-12-26,0.0
2014-12-29,0.0
2014-12-30,0.0
2014-12-31,0.0
2015-01-02,0.0
2015-07-14,0.0
2015-07-15,0.0
2015-07-16,0.0
2015-07-17,0.0
2015-07-20,0.0
2015-07-21,0.0
2015-07-22,0.0
2015-07-23,0.0
2015-07-24,0.0
2015-07-27,0.0
2015-07-28,0.0
2015-07-29,0.0
2015-07-30,0.0
2015-07-31,0.0
2015-08-03,0.0
2015-08-04,0.0
2015-08-05,0.0
2015-08-06,0.0
2015-08-07,0.0
2015-08-10,0.0
2015-08-11,0.0
2015-08-12,0.0
2015-08-13,0.0
2015-08-14,0.0
2015-08-17,0.0
2015-08-18,0.0
2015-08-19,0.0
2015-08-20,0.0
2015-08-21,0.0
2015-08-24,0.0
2015-08-25,0.0
2015-08-26,0.0
2015-08-27,0.0
2015-08-28,0.0
2015-08-31,0.0
2015-09-01,0.0
2015-09-02,0.0
2015-09-03,0.0
2015-09-04,0.0
2015-09-08,0.0
2015-09-09,0.0
2015-09-10,0.0
2015-09-11,0.0
2015-09-14,0.0
2015-09-15,0.0
2015-09-16,0.0
2015-09-17,0.0
2015-09-18,0.0
2015-09-21,0.0
2015-09-22,0.0
2015-09-23,0.0
2015-09-24,0.0
2015-09-25,0.0
2015-09-28,0.0
2015-09-29,0.0
2015-09-30,0.0
2015-10-01,0.0
2015-10-02,0.0
2015-10-05,0.0
2015-10-06,0.0
2015-10-07,0.0
2015-10-08,0.0
2015-10-09,0.0
2015-10-12,0.0
2015-10-13,0.0
2015-10-14,0.0
2015-10-15,0.0
2015-10-16,0.0
2015-10-19,0.0
2015-10-20,0.0
2015-10-21,0.0
2015-10-22,0.0
2015-10-23,0.0
2015-10-26,0.0
2015-10-27,0.0
2015-10-28,0.0
2015-10-29,0.0
2015-10-30,0.0
2015-11-02,0.0
2015-11-03,0.0
2015-11-04,0.0
2015-11-05,0.0
2015-11-06,0.0
2015-11-09,0.0
2015-11-10,0.0
2015-11-11,0.0
2015-11-12,0.0
2015-11-13,0.0
2015-11-16,0.0
2015-11-17,0.0
2015-11-18,0.0
2015-11-19,0.0
2015-11-20,0.0
2015-11-23,0.0
2015-11-24,0.0
2015-11-25,0.0
2015-11-27,0.0
2015-11-30,0.0
2015-12-01,0.0
2015-12-02,0.0
2015-12-03,0.0
2015-12-04,0.0
2015-12-07,0.0
2015-12-08,0.0
2015-12-09,0.0
2015-12-10,0.0
2015-12-11,0.0
2015-12-14,0.0
2015-12-15,0.0
2015-12-16,0.0
2015-12-17,0.0
2015-12-18,0.0
2015-12-21,0.0
2015-12-22,0.0
2015-12-23,0.0
2015-12-24,0.0
2015-12-28,0.0
2015-12-29,0.0
2015-12-30,0.0
2015-12-31,0.0
2016-01-04,0.0
2016-01-05,0.0
2016-01-06,0.0
2016-01-07,0.0
2016-01-08,0.0
2016-01-11,0.0
2016-01-12,0.0
2016-01-13,0.0
2016-01-14,0.0
2016-01-15,0.0
2016-01-19,0.0
2016-01-20,0.0
2016-01-21,0.0
2016-01-22,0.0
2016-01-25,0.0
2016-01-26,0.0
2016-01-27,0.0
2016-01-28,0.0
2016-01-29,0.0
2016-02-01,0.0
2016-02-02,0.0
2016-02-03,0.0
2016-02-04,0.0
2016-02-05,0.0
2016-02-08,0.0
2016-02-09,0.0
2016-02-10,0.0
2016-02-11,0.0
2016-02-12,0.0
2016-02-16,0.0
2016-02-17,0.0
2016-02-18,0.0
2016-02-19,0.0
2016-02-22,0.0
2016-02-23,0.0
2016-02-24,0.0
2016-02-25,0.0
2016-02-26,0.0
2016-02-29,0.0
2016-03-01,0.0
2016-03-02,0.0
2016-03-03,0.0
2016-03-04,0.0
2016-03-07,0.0
2016-03-08,0.0
2016-03-09,0.0
2016-03-10,0.0
2016-03-11,0.0
2016-03-14,-0.020107141971776432
2016-03-15,0.0007691402403189329
2016-03-16,0.022459603551998164
2016-03-17,-0.0038420021179105257
2016-03-18,-0.002766806042132419
2016-03-21,-0.007062476531334294
2016-03-22,0.0029636021984327243
2016-03-23,-0.022794593824319476
2016-03-24,-0.002419016672638552
2016-03-28,0.0023382606792523575
2016-03-29,0.018662711442055224
2016-03-30,-0.014079877973555699
2016-03-31,0.004645608530770673
2016-04-01,-0.006079852075362546
2016-04-04,-0.006720129664916419
2016-04-05,0.013097537703623319
2016-04-06,-0.006164446226934683
2016-04-07,0.014386736901940145
2016-04-08,-0.0015286778954631819
2016-04-11,0.013609015764748156
2016-04-12,0.0001678647256215804
2016-04-13,-0.010703254975483079
2016-04-14,-0.013977139332724375
2016-04-15,0.006916843830427677
2016-04-18,-0.001526524911234839
2016-04-19,0.015628341111590505
2016-04-20,-0.005101402381391007
2016-04-21,0.003782596887202949
2016-04-22,-0.012812442070648578
2016-04-25,0.0028841984691210243
2016-04-26,0.003975413469913924
2016-04-27,0.002864516155697272
2016-04-28,0.01890199066566689
2016-04-29,0.019458292648579345
2016-05-02,-0.0033159722570945682
2016-05-03,-0.0022720704425269744
2016-05-04,-0.0060997886531056755
2016-05-05,-0.0011456102315168248
2016-05-06,0.00909351476706588
2016-05-09,-0.02053985887706755
2016-05-10,0.002735311089315573
2016-05-11,0.009423423007512977
2016-05-12,-0.007861145855664442
2016-05-13,0.004539414197840763
2016-05-16,0.0007394952836348168
2016-05-17,0.0034482608575785445
2016-05-18,-0.017345792799772664
2016-05-19,-0.001915035289371203
2016-05-20,-0.00133480990969026
2016-05-23,-0.0028401666698483208
2016-05-24,-0.017341038097985484
2016-05-25,-0.002728045162824655
2016-05-26,-0.003419400994304933
2016-05-27,-0.008234680930704563
2016-05-31,0.003805525143091737
2016-06-01,-0.0010339059445000354
2016-06-02,-0.002328827637151587
2016-06-03,0.02775135513276994
2016-06-06,0.0003364814756112722
2016-06-07,-0.000840888656932326
2016-06-08,0.014812339682060527
2016-06-09,0.005556461945434021
2016-06-10,0.0040412196306252035
2016-06-13,0.0073928172915032064
2016-06-14,0.0010599906558008687
2016-06-15,0.0074122642887470835
2016-06-16,-0.010511020764699675
2016-06-17,0.012828891400602505
2016-06-20,-0.005970132164401787
2016-06-21,-0.019235474097165528
2016-06-22,0.0004965672773020735
2016-06-23,-0.00653433337738174
2016-06-24,0.04903837613839013
2016-06-27,0.0053968278173393
2016-06-28,-0.010735716819508134
2016-06-29,0.004149350815399133
2016-06-30,0.0050063962251212235
2016-07-01,0.015339625382605915
2016-07-05,0.0082547895652334
2016-07-06,0.005870043249112333
2016-07-07,-0.0037624990425935145
2016-07-08,0.006012014383066866
2016-07-11,-0.009423926951664052
2016-07-12,-0.01655187462909058
2016-07-13,0.009201775729942074
2016-07-14,-0.0077151296497708355
2016-07-15,-0.0038483113651025525
2016-07-18,0.0015768257916397577
2016-07-19,0.0013381467862130236
2016-07-20,-0.01430704903644442
2016-07-21,0.015232503958929389
2016-07-22,-0.007462722347714501
2016-07-25,-0.006964758718219222
2016-07-26,0.004224107548748579
2016-07-27,0.0161111014230213
2016-07-28,-0.00288990955804036
2016-07-29,0.01033990308292565
2016-08-01,0.0018607962561225655
2016-08-02,0.008125700679776138
2016-08-03,-0.004759425467438683
2016-08-04,0.0016968857004280302
2016-08-05,-0.01786395743944158
2016-08-08,-0.0008624116638172863
2016-08-09,0.004080325118531292
2016-08-10,0.004688953410558527
2016-08-11,-0.0069228329694290824
2016-08-12,-0.002114801025602908
2016-08-15,0.0034536484045673
2016-08-16,0.0049280733796905896
2016-08-17,0.0002335080486637331
2016-08-18,0.004747086461879935
2016-08-19,-0.008829675348611565
2016-08-22,-0.001484742045743781
2016-08-23,-0.00015649274735829444
2016-08-24,-0.011114635054762179
2016-08-25,-0.0008706109240566029
2016-08-26,-0.0014259708499476664
2016-08-29,0.0019833398964483884
2016-08-30,-0.010055457179525829
2016-08-31,-0.001999520134694288
2016-09-01,0.0040872106204499214
2016-09-02,0.010216288370529014
2016-09-06,0.016907695537669243
2016-09-07,-0.003418556588101307
2016-09-08,-0.0053013792150961025
2016-09-09,-0.00658355954228651
2016-09-12,-0.0012623563085553124
2016-09-13,-0.0066355664917512325
2016-09-14,0.0034194855282367875
2016-09-15,-0.006419381491795106
2016-09-16,-0.00247272219188599
2016-09-19,0.00207901920123299
2016-09-20,0.0009575705942728163
2016-09-21,0.014588601451239303
2016-09-22,0.00235721740921524
2016-09-23,0.0006271210413582029
2016-09-26,-0.0007833801247610905
2016-09-27,-0.007291260548213385
2016-09-28,-0.003159070582864132
2016-09-29,-0.0011884132817954196
2016-09-30,-0.003410805950794571
2016-10-03,-0.0025469571504198596
2016-10-04,-0.034711127391590324
2016-10-05,-0.0015706575141684054
2016-10-06,-0.00927301811978054
2016-10-07,0.000668512445361813
2016-10-10,0.0035076482865625813
2016-10-11,-0.005076569505331308
2016-10-12,0.0015892497462293154
2016-10-13,0.002421921836488483
2016-10-14,-0.0055819226506638175
2016-10-17,0.0026809625769763645
2016-10-18,0.006183137214927914
2016-10-19,0.0057299655530487215
2016-10-20,-0.0030550965627722526
2016-10-21,0.0007454362173064943
2016-10-24,-0.0022345797266348777
2016-10-25,0.007548139354159211
2016-10-26,-0.00559809251948773
2016-10-27,0.0018213529185828747
2016-10-28,0.0047103519110967
2016-10-31,0.0029610183001296253
2016-11-01,0.006478603409139305
2016-11-02,0.007414617516698918
2016-11-03,0.005338107937297831
2016-11-04,0.0007240252267182168
2016-11-07,-0.018007861361529542
2016-11-08,-0.004175211869501427
2016-11-09,0.021859615878423444
2016-11-10,0.0
2016-11-11,0.0
2016-11-14,0.0
2016-11-15,0.0
2016-11-16,0.0
2016-11-17,0.0
2016-11-18,0.0
2016-11-21,0.0
2016-11-22,0.0
2016-11-23,0.0
2016-11-25,0.0
2016-11-28,0.0
2016-11-29,0.0
2016-11-30,0.0
2016-12-01,0.0
2016-12-02,0.0
2016-12-05,0.0
2016-12-06,0.0
2016-12-07,0.0
2016-12-08,0.0
2016-12-09,0.0
2016-12-12,0.0
2016-12-13,0.0
2016-12-14,0.0
2016-12-15,0.0
2016-12-16,0.0
2016-12-19,0.0
2016-12-20,0.0
2016-12-21,0.0
2016-12-22,0.0
2016-12-23,0.0
2016-12-27,0.0
2016-12-28,0.0
2016-12-29,0.0
2016-12-30,0.0
2017-01-03,0.0
2017-01-04,0.0
2017-01-05,0.0
2017-01-06,0.0
2017-01-09,0.0
2017-01-10,0.0
2017-01-11,0.0
2017-01-12,0.0
2017-01-13,0.0
2017-01-17,0.0
2017-01-18,0.0
2017-01-19,0.0
2017-01-20,0.0
2017-01-23,0.0
2017-01-24,0.0
2017-01-25,0.0
2017-01-26,0.0
2017-01-27,0.0
2017-01-30,0.0
2017-01-31,0.0
2017-02-01,0.0
2017-02-02,0.0
2017-02-03,0.0
2017-02-06,0.0
2017-02-07,0.0
2017-02-08,0.0
2017-02-09,0.0
2017-02-10,0.0
2017-02-13,0.0
2017-02-14,0.0
2017-02-15,0.0
2017-02-16,0.0
2017-02-17,0.0
2017-02-21,0.0
2017-02-22,0.0
2017-02-23,0.0
2017-02-24,0.0
2017-02-27,0.0
2017-02-28,0.0
2017-03-01,0.0
2017-03-02,0.0
2017-03-03,0.0
2017-03-06,0.0
2017-03-07,0.0
2017-03-08,0.0
2017-03-09,0.0
2017-03-10,0.0
2017-03-13,0.0
2017-03-14,0.0
2017-03-15,0.0
2017-03-16,0.0
2017-03-17,0.0
2017-03-20,0.0
2017-03-21,0.0
2017-03-22,0.0
2017-03-23,0.0
2017-03-24,0.0
2017-03-27,0.0
2017-03-28,0.0
2017-03-29,0.0
2017-03-30,0.0
2017-03-31,0.0
2017-04-03,0.0
2017-04-04,0.0
2017-04-05,0.0
2017-04-06,0.0
2017-04-07,0.0
2017-04-10,0.0
2017-04-11,0.0
2017-04-12,0.0052727071274496495
2017-04-13,0.0047607862030996095
2017-04-17,-0.0029409651216938393
2017-04-18,0.004752204578096553
2017-04-19,-0.008888568727539292
2017-04-20,0.0018923613932071426
2017-04-21,0.00287428213946761
2017-04-24,-0.006796601536146918
2017-04-25,-0.010141094990301913
2017-04-26,0.004914219778573203
2017-04-27,-0.003729802506037827
2017-04-28,0.0031614010012248617
2017-05-01,-0.009122637087859764
2017-05-02,-0.00016736533202132975
2017-05-03,-0.013979675663513325
2017-05-04,-0.010102830952621655
2017-05-05,0.001886819005196383
2017-05-08,-0.0022256834926601687
2017-05-09,-0.006005515808179984
2017-05-10,-8.633024209714346e-05
2017-05-11,0.003970677867202621
2017-05-12,0.002840654111735841
2017-05-15,0.002653385898170102
2017-05-16,0.004353748257325707
2017-05-17,0.018189395377937734
2017-05-18,-0.00818094753641807
2017-05-19,0.0049659064001370545
2017-05-22,0.004187571866468565
2017-05-23,-0.006338583852853907
2017-05-24,0.003944918055112767
2017-05-25,-0.0010868341881626886
2017-05-26,0.008871687641002879
2017-05-30,-0.0033183874417564985
2017-05-31,0.003995335660383903
2017-06-01,0.0008290308176099881
2017-06-02,0.007372369881592622
2017-06-05,0.0009867759556201339
2017-06-06,0.011254288702082782
2017-06-07,-0.00528023233330277
2017-06-08,-0.006533191815951023
2017-06-09,-0.00912447242719594
2017-06-12,-0.0014932711841415536
2017-06-13,0.0009970581680489587
2017-06-14,-0.005478117748389244
2017-06-15,-0.004172925955799434
2017-06-16,0.00016758835556007767
2017-06-19,-0.007625239118720928
2017-06-20,-0.0021109515549543323
2017-06-21,0.0028769362656793085
2017-06-22,0.003374970692646695
2017-06-23,0.004288615291508924
2017-06-26,-0.008959220159452164
2017-06-27,0.003801934216373981
2017-06-28,0.0007575453811070609
2017-06-29,-0.004878063987576509
2017-06-30,-0.0025355226883111426
2017-07-03,-0.016353163092262313
2017-07-05,0.00370402538530068
2017-07-06,-0.00042907159664684613
2017-07-07,-0.010217243895363048
2017-07-10,0.0016481821494187532
2017-07-11,0.0012990518764048886
2017-07-12,0.0035460647960219305
2017-07-13,-0.001809868887210686
2017-07-14,0.008202356680606426
2017-07-17,0.004453235312250614
2017-07-18,0.0069912156912412815
2017-07-19,-0.0002539901713819459
2017-07-20,0.0013549799308452126
2017-07-21,0.008626558617150337
2017-07-24,0.00041921366315511577
2017-07-25,-0.003268790525772003
2017-07-26,0.008072646310600007
2017-07-27,-0.0007507202198261398
2017-07-28,0.007513160689562204
2017-07-31,0.0004971211979469814
2017-08-01,-0.0008281447132203468
2017-08-02,-0.0020721093811755242
2017-08-03,0.001578029980102258
2017-08-04,-0.007794965092960182
2017-08-07,-0.001170074282184741
2017-08-08,0.00292861239951292
2017-08-09,0.012097421498933336
2017-08-10,0.007419021877784093
2017-08-11,0.00023728647012677406
2017-08-14,0.0
2017-08-15,0.0
2017-08-16,0.0
2017-08-17,0.0
2017-08-18,0.0
2017-08-21,0.0
2017-08-22,0.0
2017-08-23,0.0
2017-08-24,0.0
2017-08-25,0.0
2017-08-28,0.0
2017-08-29,0.0
2017-08-30,0.0
2017-08-31,0.0
2017-09-01,0.0
2017-09-05,0.0
2017-09-06,0.0
2017-09-07,0.0
2017-09-08,0.0
2017-09-11,0.0
2017-09-12,0.00419208153627304
2017-09-13,-0.007496878440413246
2017-09-14,0.004373120825273524
2017-09-15,-0.00498741160303362
2017-09-18,-0.00930867574902372
2017-09-19,0.0020880518419628125
2017-09-20,-0.008014168639271513
2017-09-21,-0.007594199280470559
2017-09-22,0.0045587927328269995
2017-09-25,0.01045390075750996
2017-09-26,-0.011147730452825022
2017-09-27,-0.009407991986990383
2017-09-28,0.0018830653134687125
2017-09-29,-0.005148340178293798
2017-10-02,-0.0066536208728414925
2017-10-03,0.0004962018030154614
2017-10-04,0.0028101424299238342
2017-10-05,-0.005357346686029829
2017-10-06,0.0047232715997214125
2017-10-09,0.008165061098764248
2017-10-10,0.0026178198483635118
2017-10-11,0.003184457008919228
2017-10-12,0.0008143876052191246
2017-10-13,0.007567759693048792
2017-10-16,-0.0068648037405223405
2017-10-17,-0.006830978892234052
2017-10-18,-0.003766477772856769
2017-10-19,0.005917667003819904
2017-10-20,-0.006373071305113109
2017-10-23,0.0015623944335581008
2017-10-24,-0.0038588018472103247
2017-10-25,0.00016481232446818872
2017-10-26,-0.008405426622248857
2017-10-27,0.0047369794484728445
2017-10-30,0.001902366804553024
2017-10-31,-0.0037975723386661775
2017-11-01,0.003646335104093845
2017-11-02,0.0006605728445012726
2017-11-03,-0.0047033643598332064
2017-11-06,0.008539219451521696
2017-11-07,-0.0036169604463515137
2017-11-08,0.00346505190024482
2017-11-09,0.004110831297693851
2017-11-10,-0.008187996554641197
2017-11-13,0.001486009317787973
2017-11-14,0.00206083590972006
2017-11-15,-0.0012339083498187353
2017-11-16,-8.238313068009706e-05
2017-11-17,0.012026351411186242
2017-11-20,-0.01261601041037086
2017-11-21,0.001648706462808569
2017-11-22,0.009217307989592305
2017-11-24,-0.002527909683821994
2017-11-27,0.004169409220384335
2017-11-28,-0.00016286145158084242
2017-11-29,-0.006269820502150636
2017-11-30,-0.007702412580119278
2017-12-01,0.004046225171984608
2017-12-04,-0.003371955290043527
2017-12-05,-0.007096885668847475
2017-12-06,-0.0020777925515635953
2017-12-07,-0.013159005828384807
2017-12-08,-8.43489491301197e-05
2017-12-11,-0.003966924434663399
2017-12-12,0.001186334947154588
2017-12-13,0.008633065001186768
2017-12-14,-0.0020139117853182897
2017-12-15,0.0021020768465291884
2017-12-18,0.004614893860947822
2017-12-19,0.0007516606979627305
2017-12-20,0.002670670135522135
2017-12-21,0.0014150005810591448
2017-12-22,0.0052365131376863605
2017-12-26,0.006862859144225242
2017-12-27,0.0037776687734842884
2017-12-28,0.005072364396286
2017-12-29,0.006512031434204202
2018-01-02,0.012131014811848528
2018-01-03,-0.0026368503957667766
2018-01-04,0.005127378554809381
2018-01-05,-0.0010361649479214696
2018-01-08,-0.00015961279955811758
2018-01-09,-0.004628475085455608
2018-01-10,0.0024051584565736306
2018-01-11,0.002711381033303484
2018-01-12,0.0
2018-01-16,0.0
2018-01-17,0.0
2018-01-18,0.0
2018-01-19,0.0
2018-01-22,0.0
2018-01-23,0.0
2018-01-24,0.0
2018-01-25,0.0
2018-01-26,0.0
2018-01-29,0.0
2018-01-30,0.0
2018-01-31,0.0
2018-02-01,0.0
2018-02-02,0.0
2018-02-05,0.0
2018-02-06,0.0
2018-02-07,0.0
2018-02-08,0.0
2018-02-09,0.0
2018-02-12,0.00143464222162204
2018-02-13,0.005682311197477974
2018-02-14,0.017109749117561135
2018-02-15,0.0011736979953955728
2018-02-16,-0.003282346699684413
2018-02-20,-0.013486081208468614
2018-02-21,-0.0046097508185293234
2018-02-22,0.0051102244553618
2018-02-23,-0.0012710910128022057
2018-02-26,0.0024657973289343715
2018-02-27,-0.010473778158345937
2018-02-28,-0.0010424048170160072
2018-03-01,-0.002247560121119929
2018-03-02,0.005390213868331717
2018-03-05,-0.0016804095034919087
2018-03-06,0.010820850868969778
2018-03-07,-0.00642299600882601
2018-03-08,-0.0023942973425010727
2018-03-09,0.0009600297114895628
2018-03-12,0.0
2018-03-13,0.0019181568997157505
2018-03-14,-0.0006438156279070517
2018-03-15,-0.006364372805676921
2018-03-16,-0.002401964736009954
2018-03-19,0.002166985502068508
2018-03-20,-0.004484740599005943
2018-03-21,0.017456543328778107
2018-03-22,-0.003953224622131213
2018-03-23,0.012938639902275062
2018-03-26,0.00525039806397154
2018-03-27,-0.006158457605958012
2018-03-28,-0.013805067283623407
2018-03-29,0.0004771973542969654
2018-04-02,0.011686243985571387
2018-04-03,-0.007543662115058303
2018-04-04,0.0011876092914335779
2018-04-05,-0.005140363272735593
2018-04-06,0.004689991312371022
2018-04-09,0.003402196631155263
2018-04-10,0.0023655997821738772
2018-04-11,0.00778795982957492
2018-04-12,-0.01163070192280502
2018-04-13,0.006555028030325261
2018-04-16,0.0014123209461858188
2018-04-17,0.0009402393317090585
2018-04-18,0.0007827668994784265
2018-04-19,-0.0019554164740489544
2018-04-20,-0.007601890328824523
2018-04-23,-0.007975949625693257
2018-04-24,0.00485591928185003
2018-04-25,-0.006496075817990055
2018-04-26,-0.0035085114137533013
2018-04-27,0.004241007917279882
2018-04-30,-0.007251024995861499
2018-05-01,-0.007063145154557748
2018-05-02,-0.0004849855093123079
2018-05-03,0.0050950038656421
2018-05-04,0.002092067360268013
2018-05-07,0.00024087665201211195
2018-05-08,0.00016052534766863857
2018-05-09,-0.0020868007644765374
2018-05-10,0.006836631849997499
2018-05-11,-0.001437931776272161
2018-05-14,-0.004080017125553392
2018-05-15,-0.016145831322991633
2018-05-16,-0.0015512935679750095
2018-11-20,0.0
2018-11-21,0.0
2018-11-23,0.0
2018-11-26,0.0
2018-11-27,0.0
2018-11-28,0.0
2018-11-29,0.0
2018-11-30,0.0
2018-12-03,0.0
2018-12-04,0.0
2018-12-06,0.0
2018-12-07,0.0
2018-12-10,0.0
2018-12-11,0.0
2018-12-12,0.0
2018-12-13,0.0
2018-12-14,0.0
2018-12-17,0.0
2018-12-18,0.0
2018-12-19,0.0
2018-12-20,0.0
2018-12-21,-0.003950027081023988
2018-12-24,0.010945578889330232
2018-12-26,-0.002998217731026376
2018-12-27,0.0076017345368721845
2018-12-28,0.0040623606861711625
2018-12-31,0.0015688549357859571
2019-01-02,0.0006595424040909403
2019-01-03,0.009062510805098345
2019-01-04,-0.008083001153698532
2019-01-07,0.0034570881012310206
2019-01-08,-0.0027069522495791754
2019-01-09,0.00641557190383657
2019-01-10,-0.005884334311374806
2019-01-11,0.0017264752924053273
2019-01-14,0.002379939841642642
2019-01-15,-0.0017193451611656752
2019-01-16,0.0031985779681251714
2019-01-17,-0.0013080228181512332
2019-01-18,-0.008922830104082125
2019-01-22,0.003551696415737826
2019-01-23,-0.0013991734880135498
2019-01-24,-0.0015662466224332094
2019-01-25,0.014617256780812937
2019-01-28,0.003499919704200938
2019-01-29,0.0055965785331359985
2019-01-30,0.005726720358627535
2019-01-31,0.0004811735848682108
2019-02-01,-0.0020040072441004364
2019-02-04,-0.00433735507714561
2019-02-05,0.0025814744525667344
2019-02-06,-0.006758899431575371
2019-02-07,0.002430292446915283
2019-02-08,0.003798295185856393
2019-02-11,-0.00491104080877347
2019-02-12,0.0021035763621135573
2019-02-13,-0.003956060643101611
2019-02-14,0.0055928874758504055
2019-02-15,0.005964897800224689
2019-02-19,0.015224303833740294
2019-02-20,-0.001736333963468728
2019-02-21,-0.011306133174642574
2019-02-22,0.0035985347008407054
2019-02-25,-0.0010358355458973678
2019-02-26,0.0016750345381850718
2019-02-27,-0.007087110825243492
2019-02-28,-0.0056139591349329
2019-03-01,-0.01701750664195356
2019-03-04,-0.002625530869034609
2019-03-05,0.0013162525951340154
2019-03-06,-0.0009037184468092541
2019-03-07,-0.0008222882469178794
2019-03-08,0.010945553283314924
2019-03-11,-0.004884390202977706
2019-03-12,0.006053709970120336
2019-03-13,0.006992949733570786
2019-03-14,-0.011547098831640512
2019-03-15,0.004574769564027914
2019-03-18,0.0005692420443246249
2019-03-19,0.0027632992169868142
2019-03-20,0.006484057953188849
2019-03-21,-0.004026413264651585
2019-03-22,0.0023447680713457597
2019-03-25,0.007663119623394943
2019-03-26,-0.004963137421190256
2019-03-27,-0.005229296137750139
2019-03-28,-0.014152850613908918
2019-03-29,0.0009023839948727463
2019-04-01,-0.0039341312067116
2019-04-02,0.0037028271386339018
2019-04-03,-0.0014756542074330081
2019-04-04,0.0025451358852839334
2019-04-05,-0.001064591374732582
2019-04-08,0.004344964459032319
2019-04-09,0.005224058268636256
2019-04-10,0.003085645543733806
2019-04-11,-0.012790430232922034
2019-04-12,-0.0009839698252620543
2019-04-15,-0.0018879040751658138
2019-04-16,-0.008963785785951361
2019-04-17,-0.0019085831288452315
2019-04-18,0.0007482870651718265
2019-04-22,0.0
2019-04-23,-0.002076929420090745
2019-04-24,0.002913740144183885
2019-04-25,0.0008300695036822514
2019-04-26,0.006635175033447016
2019-04-29,-0.004449212353194509
2019-04-30,0.0030621129817147708
2019-05-01,-0.0066006224629271415
2019-05-02,-0.0038205903541769226
2019-05-03,0.005919618726200282
2019-05-06,0.001326117121353887
2019-05-07,0.003310996887363471
2019-05-08,-0.0024750055657883907
2019-05-09,0.002398422606480155
2019-05-10,0.0018977175142322888
2019-05-13,0.010211626950944463
2019-05-14,-0.001711902564663248
2019-05-15,-0.0005716127335255727
2019-05-16,-0.007190107507202059
2019-05-17,-0.007077611679961682
2019-05-20,-8.290208125960596e-05
2019-05-21,-0.002320944800343727
2019-05-22,-0.0009970317877491253
2019-05-23,0.007734533613593886
2019-05-24,0.0010729131367257505
2019-05-28,-0.0038747008151563955
2019-05-29,0.00033105118696652447
2019-05-30,0.0067841455794739325
2019-05-31,0.013476862164072179
2019-06-03,0.014432812396575123
2019-06-04,0.0003197259638094696
2019-06-05,0.00255692921232642
2019-06-06,0.003267681746441209
2019-06-07,0.0056402851919619135
2019-06-10,-0.00995334973762696
2019-06-11,-0.0011968524989021123
2019-06-12,0.00519253494403471
2019-06-13,0.006119340633088832
2019-06-14,-0.00031596300165448454
2019-06-17,-0.0006320654488248811
2019-06-18,0.005060083591572395
2019-06-19,0.006057242183997058
2019-06-20,0.025177896911959374
2019-06-21,0.006635612181659978
2019-06-24,0.014850786310930397
2019-06-25,0.0019411266395166216
2019-06-26,-0.009165393111099984
2019-06-27,-0.000977700846950591
2019-06-28,0.0027100317696175935
2019-07-01,-0.019369383559800002
2019-07-02,0.021359735486276676
2019-07-03,0.001649060899963084
2019-07-05,-0.011150231525253074
2019-07-08,-0.006432617734537516
2019-07-09,0.0035037454291328984
2019-07-10,0.015787490178783337
2019-07-11,-0.008443584154164574
2019-07-12,0.006254723814186791
2019-07-15,0.0
2019-07-16,-0.008462554430785363
2019-07-17,0.0164653174853977
2019-07-18,0.014117951186161548
2019-07-19,-0.014727392803034478
2019-07-22,-0.00014876383044049035
2019-07-23,-0.005652618252780739
2019-07-24,0.005086339018351538
2019-07-25,-0.007070008058076338
2019-07-26,0.001648937368628589
2019-07-29,0.0066596781930048365
2019-07-30,0.003344956160896473
2019-07-31,-0.013112972808538514
2019-08-01,0.02402219643390402
2019-08-02,-0.0038120684590626785
2019-08-05,0.013981852270352757
2019-08-06,0.008128386897085838
2019-08-07,0.015189695160357397
2019-08-08,0.005034686098196239
2019-08-09,-0.0033161732510501585
2019-08-12,0.009698502260031328
2019-08-13,-0.005959518154781018
2019-08-14,0.0068415942238304606
2019-08-15,0.0066549698650941735
2019-08-16,-0.006402214255277094
2019-08-19,-0.011696303286335752
2019-08-20,0.007795380191040424
2019-08-21,-0.003164420123660361
2019-08-22,-0.0025395077899371676
2019-08-23,0.019589847185486953
2019-08-26,0.00013875475282643102
2019-08-27,0.00957073902105865
2019-08-28,-0.002816539407023644
2019-08-29,-0.007164566813753437
2019-08-30,-0.0025672712303844714
2019-09-03,0.013913043478260834
2019-09-04,0.006243592878966586
2019-09-05,-0.024001119491110168
2019-09-06,-0.008523132778435416
2019-09-09,-0.0037344897557421985
2019-09-10,-0.0085579370471075
2019-09-11,0.006063676329913781
2019-09-12,0.002056360685188219
2019-09-13,-0.00827917751978402
2019-09-16,0.008348294532203537
2019-09-17,0.0019813102518067005
2019-09-18,-0.006285306153149484
2019-09-19,0.004050828215712787
2019-09-20,0.011820485442912032
2019-09-23,0.005596383832365381
2019-09-24,0.005286918308423871
2019-09-25,-0.018545379403875573
2019-09-26,-0.0002820880237280887
2019-09-27,-0.005148429100112373
2019-09-30,-0.015525325955691782
2019-10-01,0.005472814807717441
2019-10-02,0.011673634369571362
2019-10-03,0.004530648552570016
2019-10-04,0.0
2019-10-07,-0.008527071931805685
2019-10-08,0.00874259511120079
2019-10-09,0.0009160434363715275
2019-10-10,-0.008729359144837523
2019-10-11,-0.005539370732339566
2019-10-14,0.003999125640758994
2019-10-15,-0.006970593591764329
2019-10-16,0.0057302703836425994
2019-10-17,0.0014243781997433924
2019-10-18,-0.0010667370445436308
2019-10-21,-0.004770136663166169
2019-10-22,0.002932997222985456
2019-10-23,0.0023537934253772264
2019-10-24,0.007115918371069618
2019-10-25,0.0023316740895991117
2019-10-28,-0.008600036764796926
2019-10-29,-0.0027730332148816483
2019-10-30,0.005490226541611021
2019-10-31,0.009998499224238566
2019-11-01,0.000912763389017579
2019-11-04,-0.002876007780098777
2019-11-05,-0.016180006273117553
2019-11-06,0.004290245395359271
2019-11-07,-0.015521486102876958
2019-11-08,-0.006364394703268106
2019-11-11,-0.002401934875323586
2019-11-12,0.0026995120660886496
2019-11-13,0.004002059820052084
2019-11-14,0.004203521155341727
2019-11-15,-0.0025259154943226836
2019-11-18,0.0029664162029099383
2019-11-19,0.0005050304911609071
2019-11-20,0.0005046655432805469
2019-11-21,-0.005477043362080103
2019-11-22,-0.0018840181654777854
2019-11-25,-0.004791662812458242
2019-11-26,0.004814733391401704
2019-11-27,-0.005299919828770094
2019-11-29,0.006203971517371398
2019-12-02,-0.0005078146228696401
2019-12-03,0.00957984896245434
2019-12-04,-0.0013658431498282386
2019-12-05,0.0005758841931267078
2019-12-06,-0.009928092682104372
2019-12-09,-0.00029060665275237874
2019-12-10,0.0028347098739491816
2019-12-11,0.00688553265084435
2019-12-12,-0.003527249493396556
2019-12-13,0.004478873140076667
2019-12-16,-7.198680622300113e-05
2019-12-17,-0.00021575647831872935
2019-12-18,7.200752478642158e-05
2019-12-19,0.002589559770448613
2019-12-20,0.0010044438566789715
2019-12-23,0.003081942822632966
2019-12-24,0.009431992518777355
2019-12-26,0.007857298625196796
2019-12-27,-0.0003511943393944561
2019-12-30,0.0021077991140188157
2019-12-31,0.0018929327941459295
2020-01-02,0.0073478173310379535
2020-01-03,0.013268521727000326
2020-01-06,0.010489502076611812
2020-01-07,0.003935150508558971
2020-01-08,-0.007501524641443713
2020-01-09,-0.005651653463197515
2020-01-10,0.006026192495848015
2020-01-13,-0.007419483430124996
2020-01-14,-0.0008915435213457945
2020-01-15,0.005834242779070742
2020-01-16,-0.0015695082440053687
2020-01-17,0.0018454259925253513
2020-01-21,0.0010915790702048511
2020-01-22,0.0003406555206315609
2020-01-23,0.002248122121045526
2020-01-24,0.005845572586286041
2020-01-27,0.006825312844883635
2020-01-28,-0.008926785569624784
2020-01-29,0.005417872354848807
2020-01-30,6.732120695107646e-05
2020-01-31,0.005792420039608892
2020-02-03,-0.006495688802043542
2020-02-04,-0.01300895070524588
2020-02-05,0.0012293105482077404
2020-02-06,0.005388399719282511
2020-02-07,0.002645857569860688
2020-02-10,0.0025712490701368385
2020-02-11,-0.0034419552752807947
2020-02-12,-0.0008127480224853212
2020-02-13,0.00569345014846645
2020-02-14,0.004178427664004669
2020-02-18,0.012818816524224008
2020-02-19,0.005831221275388376
2020-02-20,0.004084659090851872
2020-02-21,0.015025216397275942
2020-02-24,0.008985128746405113
2020-02-25,-0.017874260693127697
2020-02-26,0.004370503298157802
2020-02-27,0.00019483522153040944
2020-02-28,-0.03649347478693177
2020-03-02,0.005526297603759334
2020-03-03,0.031434333360162325
2020-03-04,0.0017545277375516921
2020-03-05,0.021600945458936538
2020-03-06,0.00038096105467699815
2020-03-09,0.0016502348575044845
2020-03-10,-0.021101336306771468
2020-03-11,-0.0035603512879937016
2020-03-12,-0.0398882588306293
2020-03-13,-0.03051623730778741
2020-03-16,-0.011446115323986206
2020-03-17,0.0135554799295321
2020-03-18,-0.019921988429849713
2020-03-19,-0.018905499074657994
2020-03-20,0.014995707221804766
2020-03-23,0.044179590424960224
2020-03-24,0.048530353360380474
2020-03-25,-0.01368964099270853
2020-03-26,0.012822223412266576
2020-03-27,-0.006460489804721581
2020-03-30,0.004400644787818209
2020-03-31,-0.03184668568859872
2020-04-01,0.009456223354449733
2020-04-02,0.0163934225377782
2020-04-03,0.0049374590529023266
2020-04-06,0.027710521817620126
2020-04-07,-0.005354484768834267
2020-04-08,-0.008907968786563414
2020-04-09,0.026123560972307835
2020-04-13,0.017140343933811586
2020-04-14,0.007868093580683189
2020-04-15,-0.00510195850524664
2020-04-16,-0.0008649946516461338
2020-04-17,-0.019417471147622933
2020-04-20,0.007126124562213398
2020-04-21,-0.006825274631932943
2020-04-22,0.019670860003665247
2020-04-23,0.00995486708021609
2020-04-24,-0.004285520778353313
2020-04-27,-0.006640444141095214
2020-04-28,-0.004456556273727319
2020-04-29,0.005533445721913388
2020-04-30,-0.018116569301821372
2020-05-01,0.00617125761149806
2020-05-04,0.003504803873276341
2020-05-05,0.004241037483481813
2020-05-06,-0.012855591040204506
2020-05-07,0.01535075488048454
2020-05-08,-0.006010293229887664
2020-05-11,-0.006233636774804374
2020-05-12,0.0038890673962403977
2020-05-13,0.00962264814750724
2020-05-14,0.00885005978200426
2020-05-15,0.0056438144895880615
2020-05-18,-0.007564144999551381
2020-05-19,0.009650206170444209
2020-05-20,0.002374281034279724
2020-05-21,-0.0145763375976391
2020-05-22,0.005916836449104457
2020-05-26,-0.014214859559966375
2020-05-27,0.0018024320171108332
2020-05-28,0.003350344766475777
2020-05-29,0.0073584122707384125
2020-06-01,0.004603768848692624
2020-06-02,-0.0064768271714220615
2020-06-03,-0.01845018380928043
2020-06-04,0.010526269495827023
2020-06-05,-0.02027532426346157
2020-06-08,0.010822142733466267
2020-06-09,0.009641831169315163
2020-06-10,0.01432477301296764
2020-06-11,-0.00721408498950149
2020-06-12,0.0014163170663434865
2020-06-15,-0.0017832572551971237
2020-06-16,-0.0004928345355278418
2020-06-17,0.001910616693951983
2020-06-18,-0.001968455156468152
2020-06-19,0.011032995719469474
2020-06-22,0.006462217682632332
2020-06-23,0.008419646377625156
2020-06-24,-0.0034839130582630107
2020-06-25,-0.0006027175913518867
2020-06-26,0.004463149702983005
2020-06-29,0.0005404803669293301
2020-06-30,0.004440918278165951
2020-07-01,-0.004481089931769988
2020-07-02,0.0021606086958434467
2020-07-06,0.005988741319838731
2020-07-07,0.006310260659328826
2020-07-08,0.006211565862881185
2020-07-09,-0.0027044004055613025
2020-07-10,-0.0025938951172596036
2020-07-13,0.0012411575864292868
2020-07-14,0.004663568910189042
2020-07-15,0.0008813320073601805
2020-07-16,-0.00945168865190027
2020-07-17,0.008238009985450434
2020-07-20,0.004820170160796833
2020-07-21,0.012050997596655622
2020-07-22,0.015202340363078104
2020-07-23,0.008825301770064797
2020-07-24,0.008578870839228037
2020-07-27,0.019753770786685054
2020-07-28,0.008341131032750138
2020-07-29,0.0075102306547620845
2020-07-30,-0.007400261112960993
2020-07-31,0.009087931099623248
2020-08-03,0.0011325390830079218
2020-08-04,0.021277725496817057
2020-08-05,0.00928324173016093
2020-08-06,0.013274069532868138
2020-08-07,-0.015885305280057382
2020-08-10,-0.003458957447482036
2020-08-11,-0.05369440853432972
2020-08-12,-0.004668202325739945
2020-08-13,0.023618065792215592
2020-08-14,-0.0043092158240957135
2020-08-17,0.02169391289315903
2020-08-18,0.009008003623492078
2020-08-19,-0.03156545548841261
2020-08-20,0.006913929262821528
2020-08-21,-0.0080109058348945
2020-08-24,-0.00565840128662376
2020-08-25,0.0012154763574760974
2020-08-26,0.011808847672626355
2020-08-27,-0.011561927956646234
2020-08-28,0.0173802350530341
2020-08-31,0.002386259791001155
2020-09-01,0.0011902895553947967
2020-09-02,-0.013131628719241895
2020-09-03,-0.008104237033789152
2020-09-04,0.0027602959130219595
2020-09-08,-0.0019269219593246456
2020-09-09,0.009708256554718409
2020-09-10,-0.0032231430104032732
2020-09-11,-5.486005292509866e-05
2020-09-14,0.007892586821005798
2020-09-15,-0.0023927480714920346
2020-09-16,0.0028345831622318407
2020-09-17,-0.00548999565219499
2020-09-18,0.0013117087099276947
2020-09-21,-0.020087296599797022
2020-09-22,-0.004846314367595972
2020-09-23,-0.021606497297661398
2020-09-24,0.003718800733685912
2020-09-25,-0.0028499771605221547
2020-09-28,0.01006056066236427
2020-09-29,0.008432402483858015
2020-09-30,-0.006004867330144381
2020-10-01,0.008920516455577454
2020-10-02,-0.0008953758525004352
2020-10-05,0.004872915921881438
2020-10-06,-0.011760774579356537
2020-10-07,-0.00045122295362454157
2020-10-08,0.0035549310375408982
2020-10-09,0.018161347296547392
2020-10-12,-0.002871682500567019
2020-10-13,-0.015728823528417535
2020-10-14,0.003094772946094837
2020-10-15,0.003646120384284801
2020-10-16,-0.0034652086045856567
2020-10-19,0.0005047466985432791
2020-10-20,0.0048209014703402
2020-10-21,0.007531414803434444
2020-10-22,-0.009800687777642758
2020-10-23,-0.001062475196895396
2020-10-26,-0.0005037860400699534
2020-10-27,0.0026323226696718383
2020-10-28,-0.01614344386479838
2020-10-29,-0.004144728133141595
2020-10-30,0.004561020978312902
2020-11-02,0.00970491908901372
2020-11-03,0.005676996717701055
2020-11-04,-0.0005588578456845461
2020-11-05,0.02298392340467048
2020-11-06,0.0014213621387162423
2020-11-09,-0.04427097823171644
2020-11-10,0.0033127817282887495
2020-11-11,-0.004326595410341083
2020-11-12,0.006060679556170623
2020-11-13,0.006819714153532441
2020-11-16,-5.650127239853475e-05
2020-11-17,-0.0036691725592956637
2020-11-18,-0.005722348480656558
2020-11-19,-0.0018804594035274347
2020-11-20,0.0030257979459697992
2020-11-23,-0.01969381675557258
2020-11-24,-0.015328336846880175
2020-11-25,-0.0004717367343722856
2020-11-27,-0.010146901518740536
2020-11-30,-0.006674981596057283
2020-12-01,0.021059546081460878
2020-12-02,0.007521530692063072
2020-12-03,0.007873502810363364
2020-12-04,-0.002835427586930339
2020-12-07,0.014914066598165077
2020-12-08,0.003487910186291021
2020-12-09,-0.017094017094017033
2020-12-10,-0.001913054093070743
2020-12-11,0.0018586706605219216
2020-12-14,-0.005507636250083436
2020-12-15,0.013990959829817573
2020-12-16,0.005519095329445722
2020-12-17,0.010520363984510617
2020-12-18,-0.0016974258370123785
2020-12-21,-0.003173869592184575
2020-12-22,0.0018136914747199917
2020-12-23,0.0
2020-12-24,0.0
2020-12-28,0.0
2020-12-29,0.0
2020-12-30,0.0
2020-12-31,0.0
2021-01-04,0.0
2021-01-05,0.0
2021-01-06,0.0
2021-01-07,0.0
2021-01-08,0.0
2021-01-11,0.0
2021-01-12,0.0
2021-01-13,0.0
2021-01-14,0.0
2021-01-15,0.0
2021-01-19,0.0
2021-01-20,0.0
2021-01-21,0.0
2021-01-22,0.0
2021-01-25,0.0
2021-01-26,0.0
2021-01-27,0.0
2021-01-28,0.0
2021-01-29,0.0
2021-02-01,0.0
2021-02-02,0.0
2021-02-03,0.0
2021-02-04,0.0
2021-02-05,0.0
2021-02-08,0.0
2021-02-09,0.0
2021-02-10,0.0
2021-02-11,0.0
2021-02-12,0.0
2021-02-16,0.0
2021-02-17,0.0
2021-02-18,0.0
2021-02-19,0.0
2021-02-22,0.0
2021-02-23,0.0
2021-02-24,0.0
2021-02-25,0.0
2021-02-26,0.0
2021-03-01,0.0
2021-03-02,0.0
2021-03-03,0.0
2021-03-04,0.0
2021-03-05,0.0
2021-03-08,0.0
2021-03-09,0.0
2021-03-10,0.0
2021-03-11,0.0
2021-03-12,0.0
2021-03-15,0.0
2021-03-16,0.0
2021-03-17,0.0
2021-03-18,0.0
2021-03-19,0.0
2021-03-22,0.0
2021-03-23,0.0
2021-03-24,0.0
2021-03-25,0.0
2021-03-26,0.0
2021-03-29,0.0
2021-03-30,0.0
2021-03-31,0.0
2021-04-01,0.0
2021-04-05,0.0
2021-04-06,0.0
2021-04-07,0.0
2021-04-08,0.0
2021-04-09,0.0
2021-04-12,0.0
2021-04-13,0.0
2021-04-14,0.0
2021-04-15,0.0
2021-04-16,0.0
2021-04-19,0.0
2021-04-20,0.0
2021-04-21,0.0
2021-04-22,0.0
2021-04-23,0.0
2021-04-26,0.0
2021-04-27,0.0
2021-04-28,0.0
2021-04-29,0.0
2021-04-30,0.0
2021-05-03,0.0
2021-05-04,0.0
2021-05-05,0.0
2021-05-06,0.0
2021-05-07,0.0
2021-05-10,0.0
2021-05-11,0.0
2021-05-12,0.0
2021-05-13,0.0
2021-05-14,0.0
2021-05-17,0.0
2021-05-18,0.0
2021-05-19,0.0
2021-05-20,0.0
2021-05-21,0.0
2021-05-24,0.0
2021-05-25,0.0
2021-05-26,0.0
2021-05-27,0.0
2021-05-28,0.0
2021-06-01,0.0
2021-06-02,0.0
2021-06-03,0.0
2021-06-04,0.0
2021-06-07,0.0
2021-06-08,0.0
2021-06-09,0.0
2021-06-10,0.0
2021-06-11,0.0
2021-06-14,0.0
2021-06-15,0.0
2021-06-16,0.0
2021-06-17,0.0
2021-06-18,0.0
2021-06-21,0.0
2021-06-22,0.0
2021-06-23,0.0
2021-06-24,-0.005784318751640982
2021-06-25,0.0033297397135565454
2021-06-28,-6.030632595133145e-05
2021-06-29,-0.010560044334743335
2021-06-30,0.004878989600485495
2021-07-01,0.0034593403531597566
2021-07-02,0.006592493979237002
2021-07-06,0.004987122842662339
2021-07-07,0.0038263974474765927
2021-07-08,-0.0006551594372231628
2021-07-09,0.0033376016293740207
2021-07-12,-0.0012474484924375195
2021-07-13,0.0013084484950054431
2021-07-14,0.010810185727117005
2021-07-15,0.00017636746824045701
2021-07-16,-0.009752736909509951
2021-07-19,0.001186580428368167
2021-07-20,-0.0013037186632401943
2021-07-21,-0.003738258029038266
2021-07-22,0.0019654783116695995
2021-07-23,-0.003150460341303063
2021-07-26,-0.002372427209854866
2021-07-27,0.0016650726137910077
2021-07-28,0.005046249940839687
2021-07-29,0.011105226970374638
2021-07-30,-0.007886838170444221
2021-08-02,-0.0012366422338261351
2021-08-03,-0.0007074762556804615
2021-08-04,0.00023596236836009865
2021-08-05,-0.003952089825737026
2021-08-06,-0.02499110959980244
2021-08-09,-0.017735644128230477
2021-08-10,0.00030919503593640485
2021-08-11,0.013784968310684098
2021-08-12,0.00024386135572451728
2021-08-13,0.014325803474170673
2021-08-16,0.00498828864344647
2021-08-17,-0.0014950355956326877
2021-08-18,0.0007786117619421606
2021-08-19,-0.0029324068769951417
2021-08-20,0.0005401613640023673
2021-08-23,0.012177550259595105
2021-08-24,-0.00047414219712804684
2021-08-25,-0.006937433812841287
2021-08-26,0.0011344784240343575
2021-08-27,0.015029547937518872
2021-08-30,-0.004935638561186728
2021-08-31,0.0020076547150749136
2021-09-01,5.889861926311468e-05
2021-09-02,-0.002651720429060034
2021-09-03,0.010694224877500824
2021-09-07,-0.019583718555245766
2021-09-08,-0.0025044029060315998
2021-09-09,0.004423489291997873
2021-09-10,-0.005058656850565391
2021-09-13,0.0033497597949492253
2021-09-14,0.006438546541341461
2021-09-15,-0.00586426638589943
2021-09-16,-0.022641977086165
2021-09-17,-0.001585042425506722
2021-09-20,0.007144154238914346
2021-09-21,0.006669036192822331
2021-09-22,-0.003734010737946769
2021-09-23,-0.007985685415838994
2021-09-24,0.0
2021-09-27,0.0
2021-09-28,0.0
2022-04-07,0.00261049321575868
2022-04-08,0.006273308862987603
2022-04-11,0.004965236749599811
2022-04-12,0.007685643460535907
2022-04-13,0.004794042038670732
2022-04-14,-0.0033073298070203094
2022-04-18,0.0031007475346169766
2022-04-19,-0.015130196734319257
2022-04-20,0.00490063439520938
2022-04-21,-0.0035617132199410317
2022-04-22,-0.009733373365006903
2022-04-25,-0.01799204905308549
2022-04-26,0.001526836584433866
2022-04-27,-0.0075660270037848365
2022-04-28,0.005404803606724462
2022-04-29,-0.00011311185290652226
2022-05-02,-0.01856263223166077
2022-05-03,0.002652485710684882
2022-05-04,0.009834463424837736
2022-05-05,-0.0038157180956418513
2022-05-06,0.0016578717227480055
2022-05-09,-0.01448739807798538
2022-05-10,-0.008445270582293607
2022-05-11,0.008167194553930779
2022-05-12,-0.01533404870296906
2022-05-13,-0.008109632356372742
2022-05-16,0.009538562091321756
2022-05-17,-0.0062793474606611666
2022-05-18,0.0005314892434444829
2022-05-19,0.01469735504347125
2022-05-20,0.0006980168816432819
2022-05-23,0.0046504069241943835
2022-05-24,0.007521920174760055
2022-05-25,-0.00603004295816123
2022-05-26,-0.0018489131241881118
2022-05-27,0.0005210252472394039
2022-05-31,-0.009893088607931477
2022-06-01,0.0063690847826343155
2022-06-02,0.012309281135384653
2022-06-03,-0.010152097974740038
2022-06-06,-0.00440375827232331
2022-06-07,0.006518473428170246
2022-06-08,-0.000925199887977679
2022-06-09,-0.0031832564934880514
2022-06-10,0.01341228369842562
2022-06-13,-0.026412288291949526
2022-06-14,-0.00800320963603407
2022-06-15,0.01305093941976132
2022-06-16,0.011243181621509724
2022-06-17,-0.008222816331179383
2022-06-21,-0.003736786215978727
2022-06-22,0.003985188172955345
2022-06-23,-0.006129257306796476
2022-06-24,-0.0009984622039126423
2022-06-27,-0.0011170700567565417
2022-06-28,-0.0016480211302487557
2022-06-29,-0.0007663579063712511
2022-06-30,-0.006077047308978845
2022-07-01,-0.0008310541636505908
2022-07-05,-0.02120964340271314
2022-07-06,-0.01584218887300426
2022-07-07,0.0005550532777616191
2022-07-08,0.00043153132120354876
2022-07-11,-0.002285954220177522
2022-07-12,0.0
2022-07-13,0.0
2022-07-14,0.0
2022-07-15,0.0
2022-07-18,0.0
2022-07-19,0.0
2022-07-20,0.0
2022-07-21,0.0
2022-07-22,0.0
2022-07-25,0.0
2022-07-26,0.0
2022-07-27,0.0
2022-07-28,0.0
2022-07-29,0.0
2022-08-01,0.0
2022-08-02,0.0
2022-08-03,0.0
2022-08-04,0.0
2022-08-05,0.0
2022-08-08,0.0
2022-08-09,0.0
2022-08-10,0.0
2022-08-11,0.0
2022-08-12,0.0
2022-08-15,0.0
2022-08-16,0.0
2022-08-17,0.0
2022-08-18,0.0
2022-08-19,0.0
2022-08-22,0.0
2022-08-23,0.0
2022-08-24,0.0
2022-08-25,0.0
2022-08-26,0.0
2022-08-29,0.0
2022-08-30,0.0
2022-08-31,0.0
2022-09-01,0.0
2022-09-02,0.0
2022-09-06,0.0
2022-09-07,0.0
2022-09-08,0.0
2022-09-09,0.0
2022-09-12,0.0
2022-09-13,0.0
2022-09-14,0.0
2022-09-15,0.0
2022-09-16,0.0
2022-09-19,0.0
2022-09-20,0.0
2022-09-21,0.0
2022-09-22,0.0
2022-09-23,0.0
2022-09-26,0.0
2022-09-27,0.0
2022-09-28,0.0
2022-09-29,0.0
2022-09-30,0.0
2022-10-03,0.0
2022-10-04,0.0
2022-10-05,0.0
2022-10-06,0.0
2022-10-07,0.0
2022-10-10,0.0
2022-10-11,0.0
2022-10-12,0.0
2022-10-13,0.0
2022-10-14,0.0
2022-10-17,0.0
2022-10-18,0.0
2022-10-19,0.0
2022-10-20,0.0
2022-10-21,0.0
2022-10-24,0.0
2022-10-25,0.0
2022-10-26,0.0
2022-10-27,0.0
2022-10-28,0.0
2022-10-31,0.0
2022-11-01,0.0
2022-11-02,0.0
2022-11-03,0.0
2022-11-04,0.0
2022-11-07,0.0
2022-11-08,0.0
2022-11-09,0.0
2022-11-10,0.0
2022-11-11,0.0
2022-11-14,0.0
2022-11-15,0.0
2022-11-16,0.0
2022-11-17,0.0
2022-11-18,0.0
2022-11-21,0.0
2022-11-22,0.0
2022-11-23,0.0
2022-11-25,0.0
2022-11-28,0.0
2022-11-29,0.0
2022-11-30,0.0
2022-12-01,0.0
2022-12-02,0.0
2022-12-05,0.0
2022-12-06,0.0
2022-12-07,0.0
2022-12-08,0.0
2022-12-09,0.0
2022-12-12,0.0
2022-12-13,0.0
2022-12-14,0.0
2022-12-15,0.0
2022-12-16,0.0
2022-12-19,0.0
2022-12-20,0.0
2022-12-21,0.0
2022-12-22,0.0
2022-12-23,0.0
2022-12-27,0.0
2022-12-28,0.0
2022-12-29,0.0
2022-12-30,0.0
2023-01-03,0.0
2023-01-04,0.0
2023-01-05,0.0
2023-01-06,0.0
2023-01-09,-0.0023659454690901915
2023-01-10,0.0036930352859909643
2023-01-11,-0.0006899566156192138
2023-01-12,0.011621308299690769
2023-01-13,0.012056454923951243
2023-01-17,-0.006574537532829106
2023-01-18,-0.0028847636571611712
2023-01-19,0.015940624435230033
2023-01-20,-0.0033503233848142244
2023-01-23,0.0019049442050518284
2023-01-24,0.0036347227483659594
2023-01-25,0.004624506378174242
2023-01-26,-0.00909549314270508
2023-01-27,-0.001399235352587458
2023-01-30,-0.0025782381879019267
2023-01-31,0.003652578013758845
2023-02-01,0.012653305858264963
2023-02-02,-0.02084383756301944
2023-02-03,-0.025070649916702492
2023-02-06,0.0020850379702233024
2023-02-07,0.0009246867989065599
2023-02-08,0.002497089001329611
2023-02-09,-0.00791221695094213
2023-02-10,0.0019071454317167724
2023-02-13,-0.005076040403977244
2023-02-14,0.0007537195201474667
2023-02-15,-0.009964411195683254
2023-02-16,-0.0008192156149354757
2023-02-17,0.002986713083301451
2023-02-21,-0.003736907828742586
2023-02-22,-0.005626342318315158
2023-02-23,-0.0005304372459098428
2023-02-24,-0.007194487563518037
2023-02-27,0.003920231605683888
2023-02-28,0.004555849296286718
2023-03-01,0.00577199983688903
2023-03-02,-0.0005855484345568263
2023-03-03,0.010722806924368111
2023-03-06,-0.005043700947502616
2023-03-07,-0.01748002884832489
2023-03-08,-0.00047443796082691225
2023-03-09,0.009849056851582993
2023-03-10,0.021562591799478614
2023-03-13,0.022948217866342713
2023-03-14,-0.005791066215000917
2023-03-15,0.007804135161290304
2023-03-16,0.002020092519590788
2023-03-17,0.02912022203386022
2023-03-20,0.00038086782926249896
2023-03-21,-0.018875120437835013
2023-03-22,0.017020614154988456
2023-03-23,0.012538179168939623
2023-03-24,-0.011252352979798097
2023-03-27,-0.009256724325162113
2023-03-28,0.008189095287547188
2023-03-29,-0.004960771226454774
2023-03-30,0.009039578783206714
2023-03-31,-0.005212247412209492
2023-04-03,0.007204412081812661
2023-04-04,0.01864096351718847
2023-04-05,-0.0007979249701470792
2023-04-06,-0.007134092778842804
2023-04-10,-0.007399888337048632
2023-04-11,0.006320557289185125
2023-04-12,0.004885138861506766
2023-04-13,0.013515672544836432
2023-04-14,-0.017710313015412704
2023-04-17,-0.004453755245058644
2023-04-18,0.0038807805998208877
2023-04-19,-0.004778520207881831
2023-04-20,0.0039382591949099766
2023-04-21,-0.009887669257752085
2023-04-24,0.003039335457269754
2023-04-25,0.005086318125824718
2023-04-26,-0.0054373863029728575
2023-04-27,5.410039259623467e-05
2023-04-28,0.0002706525126121573
2023-05-01,-0.004491351820744893
2023-05-02,0.0192966408895201
2023-05-03,0.008479075831981264
2023-05-04,0.007032953441873602
2023-05-05,-0.01564795046360634
2023-05-08,0.0012269055748579394
2023-05-09,0.007086162354812187
2023-05-10,-0.0014284428437085772
2023-05-11,-0.008582755587746571
2023-05-12,-0.0017100802429791395
2023-05-15,0.0021412620336225263
2023-05-16,-0.012499393797125835
2023-05-17,-0.0034618889303406064
2023-05-18,-0.012972911279781618
2023-05-19,0.009898829124549202
2023-05-22,-0.002341497915542945
2023-05-23,0.001200731149241241
2023-05-24,-0.008068450017084672
2023-05-25,-0.009618027091791603
2023-05-26,0.003995567330169036
2023-05-30,0.0061905545463325495
2023-05-31,0.001538200661465261
2023-06-01,0.007898130346474685
2023-06-02,-0.014747450675270501
2023-06-05,0.006020416015009911
2023-06-06,0.0010980396887685373
2023-06-07,-0.012010543410056473
2023-06-08,0.013211240429902738
2023-06-09,-0.0026845203333206724
2023-06-12,-0.0008788640365902101
2023-06-13,-0.007367558613950331
2023-06-14,0.0005539277015322863
2023-06-15,0.007030581691497284
2023-06-16,-0.0015392159510753123
2023-06-20,-0.010350739592973501
2023-06-21,-0.0014464228474878604
2023-06-22,-0.009916979914319834
2023-06-23,0.0027572461643308177
2023-06-26,0.0017396047357047806
2023-06-27,-0.004593535884055422
2023-06-28,-0.002307409851291964
2023-06-29,-0.001071764681377263
2023-06-30,0.006663323502016594
2023-07-03,0.0011218766110339118
2023-07-05,-0.003530032378009529
2023-07-06,-0.00298020012489153
2023-07-07,0.007500997402107412
2023-07-10,0.0007836956455820054
2023-07-11,0.0037476125602418087
2023-07-12,0.01354142087431276
2023-07-13,0.0007146999149640898
2023-07-14,-0.0031866482531700546
2023-07-17,0.0007165567329587841
2023-07-18,0.011456278139590825
2023-07-19,0.00016335645500209495
2023-07-20,-0.005063389149303599
2023-07-21,-0.0030645332195952113
2023-07-24,-0.004281473326684271
2023-07-25,0.005567859975791123
2023-07-26,0.0048791150253857385
2023-07-27,-0.01571197400361901
2023-07-28,0.007981390400291666
2023-07-31,0.0026944104889448095
2023-08-01,-0.010364679607279714
2023-08-02,-0.004765602229612975
2023-08-03,-0.00033414707874901417
2023-08-04,0.003620414278603157
2023-08-07,-0.0022753962847783527
2023-08-08,-0.006341080194621207
2023-08-09,-0.00475820704444585
2023-08-10,0.002413003829073057
2023-08-11,0.0
2023-08-14,0.0
2023-08-15,0.0
2023-08-16,0.0
2023-08-17,0.0
2023-08-18,0.0
2023-08-21,0.0
2023-08-22,0.0
2023-08-23,0.0
2023-08-24,0.0
2023-08-25,0.0
2023-08-28,0.0
2023-08-29,0.0
2023-08-30,0.0
2023-08-31,0.0
2023-09-01,0.0
2023-09-05,0.0
2023-09-06,0.0
2023-09-07,0.0
2023-09-08,0.0
2023-09-11,0.0
2023-09-12,0.0
2023-09-13,0.0
2023-09-14,0.0
2023-09-15,0.0
2023-09-18,0.0
2023-09-19,0.0
2023-09-20,0.0
2023-09-21,0.0
2023-09-22,0.0
2023-09-25,0.0
2023-09-26,0.0
2023-09-27,0.0
2023-09-28,0.0
2023-09-29,0.0
2023-10-02,0.0
2023-10-03,0.0
2023-10-04,0.0
2023-10-05,0.0
2023-10-06,0.0
2023-10-09,0.0
2023-10-10,0.0
2023-10-11,0.0
2023-10-12,0.0
2023-10-13,0.0
2023-10-16,0.0
2023-10-17,0.0
2023-10-18,0.0
2023-10-19,0.0
2023-10-20,0.0
2023-10-23,0.0
2023-10-24,0.0
2023-10-25,0.0
2023-10-26,0.0
2023-10-27,0.0
2023-10-30,0.0
2023-10-31,0.0
2023-11-01,0.0
2023-11-02,0.0
2023-11-03,0.0
2023-11-06,0.0
2023-11-07,0.0
2023-11-08,0.0
2023-11-09,0.0
2023-11-10,0.0
2023-11-13,0.0
2023-11-14,0.0
2023-11-15,0.0
2023-11-16,0.0
2023-11-17,0.0
2023-11-20,0.0
2023-11-21,0.0
2023-11-22,0.0
2023-11-24,0.0
2023-11-27,0.0
2023-11-28,0.0
2023-11-29,0.0
2023-11-30,0.0
2023-12-01,0.0
2023-12-04,0.0
2023-12-05,0.0
2023-12-06,0.0
2023-12-07,0.0
2023-12-08,-0.0015466026870715188
2023-12-11,-0.010912455858369197
2023-12-12,-0.0005381377976328983
2023-12-13,0.02229293809118893
2023-12-14,0.005794030041573084
2023-12-15,-0.009059988558138388
2023-12-18,0.0044921815358500705
2023-12-19,0.00673438977409635
2023-12-20,-0.00538282795542544
2023-12-21,0.006988196244634315
2023-12-22,0.0043830733446657
2023-12-26,0.007532881914617651
2023-12-27,0.004485921378554858
2023-12-28,-0.00574919603931856
2023-12-29,-0.0015488904789449087
2024-01-02,-0.0023269004424368855
2024-01-03,-0.008240927535496545
2024-01-04,0.0009929627818576758
2024-01-05,0.00015661968559177453
2024-01-08,-0.007725732919956707
2024-01-09,0.00031562878309432385
2024-01-10,-0.0023011498926756024
2024-01-11,0.001973333207127448
2024-01-12,0.00979419684781413
2024-01-16,-0.00948830505571907
2024-01-17,-0.01101609499219125
2024-01-18,0.008232991188224181
2024-01-19,0.002988765185156339
2024-01-22,-0.003778006628733288
2024-01-23,0.0038991845110425416
2024-01-24,-0.008246998586805998
2024-01-25,0.003970039126857339
2024-01-26,-0.000694702329145036
2024-01-29,0.007058578386628378
2024-01-30,0.0013805442774361687
2024-01-31,-0.0007423576030188839
2024-02-01,0.010400808472424306
2024-02-02,-0.009453423114913595
2024-02-05,-0.005514060021343803
2024-02-06,0.005224761714346604
2024-02-07,-0.0002652012939905468
2024-02-08,-0.0009018588312389442
2024-02-09,-0.003876205604104843
2024-02-12,-0.002611969635144318
2024-02-13,-0.013788690939245618
2024-02-14,-0.0005961123778714938
2024-02-15,0.006723812890458536
2024-02-16,0.0036625697473382512
2024-02-20,0.006064210401167225
2024-02-21,5.331256898877257e-05
2024-02-22,0.00042672198196935796
2024-02-23,0.005651512206036324
2024-02-26,-0.002226689652555569
2024-02-27,-0.0010626831147616533
2024-02-28,0.0018084912559681587
2024-02-29,0.005150267024974564
2024-03-01,0.018910792181411118
2024-03-04,0.01617499761584207
2024-03-05,0.006020141974026227
2024-03-06,0.008215402302092834
2024-03-07,0.00568384363959451
2024-03-08,0.008452548294388906
2024-03-11,0.0018350202188475162
2024-03-12,-0.010940627686972348
2024-03-13,0.007007403788343192
2024-03-14,-0.004175139559753682
2024-03-15,-0.0031944066403962745
2024-03-18,0.001602283585191433
2024-03-19,-0.001149806174240653
2024-03-20,0.011911859802858693
2024-03-21,-0.0010386361794799681
2024-03-22,-0.008020968995539612
2024-03-25,0.0031944066403959415
2024-03-26,0.003233961286506215
2024-03-27,0.00724066018080638
2024-03-28,0.012900024812751543
2024-04-01,0.010208079388780877
2024-04-02,0.014772360496579928
2024-04-03,0.008772374743051037
2024-04-04,-0.005734705225410863
2024-04-05,0.017114197453754088
2024-04-08,0.006228485368521275
2024-04-09,0.005497054995038386
2024-04-10,-0.009463856189044328
2024-04-11,0.019433247205595805
2024-04-12,-0.013239324939491093
2024-04-15,0.01871915519392564
2024-04-16,0.0012220152803334994
2024-04-17,-0.007368252752077975
2024-04-18,0.003415456134187478
2024-04-19,0.00313153514056852
2024-04-22,-0.024702490545271405
2024-04-23,-0.002458663172412834
2024-04-24,-0.0018600907225257979
2024-04-25,0.005963468053177268
2024-04-26,0.003241927353542229
2024-04-29,-0.002031218037685245
2024-04-30,-0.019937078844519562
2024-05-01,0.009062152325435502
2024-05-02,-0.003087087441158265
2024-05-03,-0.0007976266365612439
2024-05-06,0.010518361024377088
2024-05-07,-0.004600326433141233
2024-05-08,-0.002941061869498496
2024-05-09,0.01577860796089925
2024-05-10,0.008112513438016444
2024-05-13,-0.011202103844460076
2024-05-14,0.008462045119477235
2024-05-15,0.012838750510224095
2024-05-16,-0.0038933433506627146
2024-05-17,0.01649777258988072
2024-05-20,0.004023937591649318
2024-05-21,-0.001469548604571047
2024-05-22,-0.018373969565578352
2024-05-23,-0.01994457033971797
2024-05-24,0.0009271136061119734
2024-05-28,0.010513172896031708
2024-05-29,-0.009303812074717088
2024-05-30,0.0018967600627464165
2024-05-31,-0.005864174306277281
2024-06-03,0.008917780500373729
2024-06-04,-0.008977059834655687
2024-06-05,0.011845603201319221
2024-06-06,0.0073913566129217845
2024-06-07,-0.035683301433797165
2024-06-10,0.009168181127878539
2024-06-11,0.0028566106093961263
2024-06-12,0.0026617200115086614
2024-06-13,-0.008150148984962247
2024-06-14,0.012959545903254766
2024-06-17,-0.005191652247571565
2024-06-18,0.004007271832187298
2024-06-20,0.012484347826456466
2024-06-21,-0.015493238109986152
2024-06-24,0.003957566385821121
2024-06-25,-0.004962237629221655
2024-06-26,-0.00922816811180438
2024-06-27,0.011336925587312363
2024-06-28,9.297647872519299e-05
2024-07-01,0.002604589701363791
2024-07-02,-4.643394389258759e-05
2024-07-03,0.011273000380832565
2024-07-05,0.013486798057397165
2024-07-08,-0.012402074526820628
2024-07-09,0.0016957473442755777
2024-07-10,0.0036603361122538036
2024-07-11,0.017733403441032136
2024-07-12,-0.0006270969301161999
2024-07-15,0.0032271131671974818
2024-07-16,0.019925798233449088
2024-07-17,-0.004643206403117217
2024-07-18,-0.006381186355259305
2024-07-19,-0.017937829186175036
2024-07-22,0.0003157323121258937
2024-07-23,0.003516676143213937
2024-07-24,-0.0035043524704835294
2024-07-25,-0.01564473026582147
2024-07-26,0.010534525866662925
2024-07-29,-0.0014050562105476505
2024-07-30,0.009985461488319247
2024-07-31,0.018110725786084414
2024-08-01,-0.003442943141866439
2024-08-02,-0.0019046282784819235
2024-08-05,-0.012691935106198704
2024-08-06,-0.008000713832612472
2024-08-07,-0.0006796279952806517
2024-08-08,0.015688013635013043
2024-08-09,0.0024552612171107047
2024-08-12,0.017144665770273848
2024-08-13,-0.001532358906807807
2024-08-14,-0.008155751250824572
2024-08-15,0.0031388449312386157
2024-08-16,0.02238773852658915
2024-08-19,-0.0016380226467286318
2024-08-20,0.0036699887797402297
2024-08-21,-0.0013336178629832496
2024-08-22,-0.011975011209935604
2024-08-23,0.011553425520716143
2024-08-26,0.0031893380775307456
2024-08-27,0.002706671669018279
2024-08-28,-0.007026862307456638
2024-08-29,0.005177980359189593
2024-08-30,-0.007126008516232019
2024-09-03,-0.0043235765879541255
2024-09-04,0.000607926500195255
2024-09-05,0.008332306942507417
2024-09-06,-0.007402630408956501
2024-09-09,0.004205876079289794
2024-09-10,0.004404097525005923
2024-09-11,-0.001590555949419148
2024-09-12,0.017567284525531468
2024-09-13,0.009943683944142245
2024-09-16,-8.374817448153493e-05
2024-09-17,-0.0055309113549146804
2024-09-18,-0.007710465405288858
2024-09-19,0.01554075728197235
2024-09-20,0.012710660066880264
2024-09-23,0.0019404068737312041
2024-09-24,0.01396907347432852
2024-09-25,-0.001381767735031958
2024-09-26,0.005086884066794806
2024-09-27,-0.007935830791900855
2024-09-30,-0.007999374253898295
2024-10-01,0.010491249392624136
2024-10-02,0.00020358719772617384
2024-10-03,-0.0006920058878576718
2024-10-04,-0.001996030315693287
2024-10-07,-0.0033877625757333663
2024-10-08,-0.007371925565205495
2024-10-09,-0.005446185963701833
2024-10-10,0.007342892553628744
2024-10-11,0.010913408354139564
2024-10-14,-0.001629502157067031
2024-10-15,0.003468359323146597
2024-10-16,0.005001609209081215
2024-10-17,0.00598831083503093
2024-10-18,0.010618185005034864
2024-10-21,-0.00019900127714245208
2024-10-22,0.01078732362833379
2024-10-23,-0.012050555849465128
2024-10-24,0.007693259346015946
2024-10-25,0.0020569789010425055
2024-10-28,3.945407605776552e-05
2024-10-29,0.010894858433216914
2024-10-30,0.005505891218995584
2024-10-31,-0.015495166963743978
2024-11-01,-0.0041023758773532926
2024-11-04,0.0014259144001700363
2024-11-05,0.002254447895034817
2024-11-06,-0.030386729020158154
2024-11-07,0.01607650385553039
2024-11-08,-0.006769426092267161
2024-11-11,-0.02347155656813127
2024-11-12,-0.008631355179477884
2024-11-13,-0.010081225320474285
2024-11-14,-0.0026091417886487944
2024-11-15,-0.0017720694429753658
2024-11-18,0.019020246289590537
2024-11-19,0.008959325127211537
2024-11-20,0.005632045702723465
2024-11-21,0.008339500390982302
2024-11-22,0.012892210445830665
2024-11-25,-0.029458856541118794
2024-11-26,0.0019383092584315254
2024-11-27,0.002222714763140843
2024-11-29,0.008624546377060671
2024-12-02,-0.008754403389975018
2024-12-03,0.002012776164397767
2024-12-04,0.003033679807253664
2024-12-05,-0.007397709454119328
2024-12-06,0.0003705687954560499
2024-12-09,0.009919751769426055
2024-12-10,0.01316431251835759
2024-12-11,0.009533812345188686
2024-12-12,-0.014663722649505995
2024-12-13,-0.012091578404740733
2024-12-16,0.002415209844427002
2024-12-17,-0.0038386247250202787
2024-12-18,-0.01918507783771306
2024-12-19,0.0014210967336203417
2024-12-20,0.010434056495473909
2024-12-23,-0.004708795377563968
2024-12-24,0.001992014086009908
2024-12-26,0.006751179863859091
2024-12-27,-0.0068705038771271765
2024-12-30,-0.0031896811646235923
2024-12-31,0.006233636577161361
2025-01-02,0.013587714119632333
2025-01-03,-0.007864039973028869
2025-01-06,-0.0012320959587239777
2025-01-07,0.005633435188264313
2025-01-08,0.005315681488123891
2025-01-10,0.009558310004399662
2025-01-13,-0.009951255605703757
2025-01-14,0.005249423200524461
2025-01-15,0.007488993695735191
2025-01-16,0.006910965874952435
2025-01-17,-0.005307269747253263
2025-01-21,0.015485219016293739
2025-01-22,0.005135652699768123
2025-01-23,-0.0014148699521492336
2025-01-24,0.006218705580030903
2025-01-27,-0.0104048052682425
2025-01-28,0.008656417783572623
2025-01-29,-0.0038404097330004827
2025-01-30,0.01514551884715587
2025-01-31,0.0019763991077348386
2025-02-03,0.005337271410283728
2025-02-04,0.00984841707528572
2025-02-05,0.006209542410714253
2025-02-06,-0.0026502562908058414
2025-02-07,0.0017841598670260694
2025-02-10,0.016938239196991
2025-02-11,-0.0036516022155236305
2025-02-12,0.0010471549570201244
2025-02-13,0.004782344931502314
